ITEMID;QTY;COLORNAME;BOX;COLUMN;ROW
2730;6;Black;TriTiroir VioletFoncé;A;1
2730;2;Dark Blue;TriTiroir VioletFoncé;A;1
2730;1;Red;TriTiroir VioletFoncé;A;1
2730;3;White;TriTiroir VioletFoncé;A;1
2730;2;Yellow;TriTiroir VioletFoncé;A;1
3702;14;Black;TriTiroir VioletFoncé;A;1
3702;11;Blue;TriTiroir VioletFoncé;A;1
3702;2;Light Bluish Gray;TriTiroir VioletFoncé;A;1
3702;16;Red;TriTiroir VioletFoncé;A;1
3702;3;Yellow;TriTiroir VioletFoncé;A;1
3703;5;Blue;TriTiroir VioletFoncé;A;1
3703;3;Dark Bluish Gray;TriTiroir VioletFoncé;A;1
3703;2;Red;TriTiroir VioletFoncé;A;1
3703;3;Yellow;TriTiroir VioletFoncé;A;1
3738;2;Black;TriTiroir VioletFoncé;A;1
3738;2;Blue;TriTiroir VioletFoncé;A;1
3738;2;Dark Bluish Gray;TriTiroir VioletFoncé;A;1
3738;2;Light Gray;TriTiroir VioletFoncé;A;1
3738;6;Red;TriTiroir VioletFoncé;A;1
3738;2;Yellow;TriTiroir VioletFoncé;A;1
3894;10;Black;TriTiroir VioletFoncé;A;1
3894;2;Blue;TriTiroir VioletFoncé;A;1
3894;5;Dark Bluish Gray;TriTiroir VioletFoncé;A;1
3894;1;Light Bluish Gray;TriTiroir VioletFoncé;A;1
3894;1;Light Gray;TriTiroir VioletFoncé;A;1
3894;11;Red;TriTiroir VioletFoncé;A;1
3894;6;White;TriTiroir VioletFoncé;A;1
3894;3;Yellow;TriTiroir VioletFoncé;A;1
3895;5;Blue;TriTiroir VioletFoncé;A;1
3895;6;Dark Bluish Gray;TriTiroir VioletFoncé;A;1
3895;4;Red;TriTiroir VioletFoncé;A;1
3895;3;Yellow;TriTiroir VioletFoncé;A;1
32001;7;Black;TriTiroir VioletFoncé;A;1
32001;5;Light Bluish Gray;TriTiroir VioletFoncé;A;1
32001;2;Red;TriTiroir VioletFoncé;A;1
32001;1;White;TriTiroir VioletFoncé;A;1
32018;15;Black;TriTiroir VioletFoncé;A;1
32018;18;Dark Bluish Gray;TriTiroir VioletFoncé;A;1
32018;3;Light Bluish Gray;TriTiroir VioletFoncé;A;1
32018;7;Light Gray;TriTiroir VioletFoncé;A;1
32018;8;White;TriTiroir VioletFoncé;A;1
32018;11;Yellow;TriTiroir VioletFoncé;A;1
32324;2;Black;TriTiroir VioletFoncé;A;1
32324;2;Light Bluish Gray;TriTiroir VioletFoncé;A;1
32324;1;White;TriTiroir VioletFoncé;A;1
32531;5;Black;TriTiroir VioletFoncé;A;1
32531;1;Light Gray;TriTiroir VioletFoncé;A;1
32532;2;Light Bluish Gray;TriTiroir VioletFoncé;A;1
32532;2;White;TriTiroir VioletFoncé;A;1
32532;2;Yellow;TriTiroir VioletFoncé;A;1
32555;3;Yellow;TriTiroir VioletFoncé;A;1
3709b;6;Black;TriTiroir VioletFoncé;A;1
3709b;6;Blue;TriTiroir VioletFoncé;A;1
3709b;4;Dark Bluish Gray;TriTiroir VioletFoncé;A;1
3709b;4;Light Bluish Gray;TriTiroir VioletFoncé;A;1
3709b;1;Light Gray;TriTiroir VioletFoncé;A;1
3709b;16;Red;TriTiroir VioletFoncé;A;1
3709b;5;White;TriTiroir VioletFoncé;A;1
3709b;4;Yellow;TriTiroir VioletFoncé;A;1
32524;15;Black;TriTiroir VioletFoncé;A;2
32524;3;Blue;TriTiroir VioletFoncé;A;2
32524;12;Dark Bluish Gray;TriTiroir VioletFoncé;A;2
32524;8;Light Bluish Gray;TriTiroir VioletFoncé;A;2
32524;5;Lime;TriTiroir VioletFoncé;A;2
32524;2;Red;TriTiroir VioletFoncé;A;2
32524;1;White;TriTiroir VioletFoncé;A;2
32524;3;Yellow;TriTiroir VioletFoncé;A;2
32525;7;Black;TriTiroir VioletFoncé;A;3
32525;2;Blue;TriTiroir VioletFoncé;A;3
32525;5;Dark Bluish Gray;TriTiroir VioletFoncé;A;3
32525;5;Light Bluish Gray;TriTiroir VioletFoncé;A;3
32525;2;Orange;TriTiroir VioletFoncé;A;3
35525;4;White;TriTiroir VioletFoncé;A;3
35525;2;Yellow;TriTiroir VioletFoncé;A;3
41239;17;Black;TriTiroir VioletFoncé;A;4
41239;7;Blue;TriTiroir VioletFoncé;A;4
41239;2;Dark Bluish Gray;TriTiroir VioletFoncé;A;4
41239;8;Light Bluish Gray;TriTiroir VioletFoncé;A;4
4217;12;Red;TriTiroir VioletFoncé;A;5
4217;9;White;TriTiroir VioletFoncé;A;5
6056;5;Light Gray;TriTiroir VioletFoncé;A;5
32009;5;Black;TriTiroir VioletFoncé;A;6
32009;2;Blue;TriTiroir VioletFoncé;A;6
32009;2;Dark Bluish Gray;TriTiroir VioletFoncé;A;6
32009;1;Light Bluish Gray;TriTiroir VioletFoncé;A;6
32009;2;Orange;TriTiroir VioletFoncé;A;6
32009;1;Red;TriTiroir VioletFoncé;A;6
32278;8;Black;TriTiroir VioletFoncé;A;7
32278;3;Dark Bluish Gray;TriTiroir VioletFoncé;A;7
32278;1;Green;TriTiroir VioletFoncé;A;7
32278;2;Orange;TriTiroir VioletFoncé;A;7
32278;2;White;TriTiroir VioletFoncé;A;7
32278pb007L;1;Lime;TriTiroir VioletFoncé;A;7
32278pb007R;1;Lime;TriTiroir VioletFoncé;A;7
64782;1;Green;TriTiroir VioletFoncé;A;8
64782;8;Light Bluish Gray;TriTiroir VioletFoncé;A;8
64782pb014L;1;White;TriTiroir VioletFoncé;A;8
64782pb014R;1;White;TriTiroir VioletFoncé;A;8
64782pb015R;1;White;TriTiroir VioletFoncé;A;8
64782pb016L;1;Green;TriTiroir VioletFoncé;A;8
11215;2;Black;TriTiroir VioletFoncé;B;1
11215;1;Light Bluish Gray;TriTiroir VioletFoncé;B;1
64179;4;Light Bluish Gray;TriTiroir VioletFoncé;B;2
32009pb001L;1;Yellow;TriTiroir VioletFoncé;B;3
32009pb001R;1;Yellow;TriTiroir VioletFoncé;B;3
32009pb019L;1;Orange;TriTiroir VioletFoncé;B;3
32009pb019R;1;Orange;TriTiroir VioletFoncé;B;3
6629;1;Black;TriTiroir VioletFoncé;B;4
6629;1;Blue;TriTiroir VioletFoncé;B;4
6629;1;Light Gray;TriTiroir VioletFoncé;B;4
6629;6;Orange;TriTiroir VioletFoncé;B;4
6629;1;Yellow;TriTiroir VioletFoncé;B;4
6259;1;Light Gray;TriTiroir VioletFoncé;B;5
6259;4;White;TriTiroir VioletFoncé;B;5
6259;1;Yellow;TriTiroir VioletFoncé;B;5
6087;8;Black;TriTiroir VioletFoncé;B;6
6087;6;Light Bluish Gray;TriTiroir VioletFoncé;B;6
6087;1;White;TriTiroir VioletFoncé;B;6
4345;7;Black;TriTiroir VioletFoncé;B;7
4345;2;Blue;TriTiroir VioletFoncé;B;7
4345;6;Light Bluish Gray;TriTiroir VioletFoncé;B;7
4345;5;Light Gray;TriTiroir VioletFoncé;B;7
4345;9;Red;TriTiroir VioletFoncé;B;7
4345;1;Trans-Neon Green;TriTiroir VioletFoncé;B;7
4345;2;White;TriTiroir VioletFoncé;B;7
4345;1;Yellow;TriTiroir VioletFoncé;B;7
3956;32;Black;TriTiroir VioletFoncé;B;8
3956;4;Blue;TriTiroir VioletFoncé;B;8
3956;5;Brown;TriTiroir VioletFoncé;B;8
3956;3;Light Bluish Gray;TriTiroir VioletFoncé;B;8
3956;8;Light Gray;TriTiroir VioletFoncé;B;8
3956;13;Red;TriTiroir VioletFoncé;B;8
3956;29;White;TriTiroir VioletFoncé;B;8
2349;1;Black;TriTiroir VioletFoncé;B;9
2349;3;Blue;TriTiroir VioletFoncé;B;9
2349;3;Red;TriTiroir VioletFoncé;B;9
2349;18;White;TriTiroir VioletFoncé;B;9
2349;7;Yellow;TriTiroir VioletFoncé;B;9
4214;6;Black;TriTiroir VioletFoncé;B;10
4214;1;Blue;TriTiroir VioletFoncé;B;10
4214;9;Red;TriTiroir VioletFoncé;B;10
4214;8;White;TriTiroir VioletFoncé;B;10
4214;5;Yellow;TriTiroir VioletFoncé;B;10
6259pb002;1;Yellow;TriTiroir VioletFoncé;B;11
6259pb003;1;Yellow;TriTiroir VioletFoncé;B;11
6259pb017;1;Yellow;TriTiroir VioletFoncé;B;11
4532a;1;Black;TriTiroir VioletFoncé;B;12
4532a;1;Blue;TriTiroir VioletFoncé;B;12
4532a;4;Light Bluish Gray;TriTiroir VioletFoncé;B;12
4532a;13;Red;TriTiroir VioletFoncé;B;12
4532a;9;White;TriTiroir VioletFoncé;B;12
4532a;6;Yellow;TriTiroir VioletFoncé;B;12
6239pb001;3;Black;TriTiroir VioletFoncé;B;13
6239pb012;1;White;TriTiroir VioletFoncé;B;13
6239pb031;1;White;TriTiroir VioletFoncé;B;13
6239pb051;1;Dark Bluish Gray;TriTiroir VioletFoncé;B;13
6239pb064;1;Dark Bluish Gray;TriTiroir VioletFoncé;B;13
2340;11;Black;TriTiroir VioletFoncé;B;14
2340;6;Blue;TriTiroir VioletFoncé;B;14
2340;12;Red;TriTiroir VioletFoncé;B;14
2340;13;White;TriTiroir VioletFoncé;B;14
2340pb012;1;Black;TriTiroir VioletFoncé;B;14
2340pb021;2;White;TriTiroir VioletFoncé;B;14
2340pb046L;2;Red;TriTiroir VioletFoncé;B;14
2340pb046R;1;Red;TriTiroir VioletFoncé;B;14
4229;2;Black;TriTiroir VioletFoncé;B;15
4869;4;Light Gray;TriTiroir VioletFoncé;B;15
3475b;14;Black;TriTiroir VioletFoncé;B;15
3475b;2;Blue;TriTiroir VioletFoncé;B;15
3475b;5;Dark Bluish Gray;TriTiroir VioletFoncé;B;15
3475b;1;Light Gray;TriTiroir VioletFoncé;B;15
3475b;2;White;TriTiroir VioletFoncé;B;15
3475b;8;Yellow;TriTiroir VioletFoncé;B;15
4868a;4;Black;TriTiroir VioletFoncé;B;15
4868a;1;Blue;TriTiroir VioletFoncé;B;15
4868a;1;White;TriTiroir VioletFoncé;B;15
4868a;1;Yellow;TriTiroir VioletFoncé;B;15
4868b;4;Light Bluish Gray;TriTiroir VioletFoncé;B;15
4213;22;Black;TriTiroir VioletFoncé;B;16
4213;2;Blue;TriTiroir VioletFoncé;B;16
4213;1;Light Gray;TriTiroir VioletFoncé;B;16
4213;9;Red;TriTiroir VioletFoncé;B;16
4213;3;Trans-Dark Blue;TriTiroir VioletFoncé;B;16
4213;11;White;TriTiroir VioletFoncé;B;16
4213;5;Yellow;TriTiroir VioletFoncé;B;16
4588;2;Black;TriTiroir VioletFoncé;B;17
4591;8;Black;TriTiroir VioletFoncé;B;17
4742;1;Dark Bluish Gray;TriTiroir VioletFoncé;B;17
6037;1;Blue;TriTiroir VioletFoncé;B;17
6037;8;Light Gray;TriTiroir VioletFoncé;B;17
6037;1;Tan;TriTiroir VioletFoncé;B;17
6039;6;Black;TriTiroir VioletFoncé;B;17
6039;7;Yellow;TriTiroir VioletFoncé;B;17
6042;2;Yellow;TriTiroir VioletFoncé;B;17
6043;1;Blue;TriTiroir VioletFoncé;B;17
6043;1;Yellow;TriTiroir VioletFoncé;B;17
6233;1;Black;TriTiroir VioletFoncé;B;17
6233;1;White;TriTiroir VioletFoncé;B;17
3942c;3;Black;TriTiroir VioletFoncé;B;17
3942c;2;Dark Bluish Gray;TriTiroir VioletFoncé;B;17
3942c;5;Light Gray;TriTiroir VioletFoncé;B;17
3942c;2;White;TriTiroir VioletFoncé;B;17
3942c;10;Yellow;TriTiroir VioletFoncé;B;17
3943b;2;Black;TriTiroir VioletFoncé;B;17
3943b;1;Dark Bluish Gray;TriTiroir VioletFoncé;B;17
4858;1;Black;TriTiroir VioletFoncé;B;18
4858;1;Red;TriTiroir VioletFoncé;B;18
4858;6;White;TriTiroir VioletFoncé;B;18
4861;1;Black;TriTiroir VioletFoncé;B;18
4861;6;White;TriTiroir VioletFoncé;B;18
4861;1;Yellow;TriTiroir VioletFoncé;B;18
6069;1;White;TriTiroir VioletFoncé;B;18
48933;4;White;TriTiroir VioletFoncé;B;18
6069px2;1;Tan;TriTiroir VioletFoncé;B;18
6153b;2;Black;TriTiroir VioletFoncé;B;18
6153b;1;Dark Blue;TriTiroir VioletFoncé;B;18
6153b;1;Red;TriTiroir VioletFoncé;B;18
6153b;1;White;TriTiroir VioletFoncé;B;18
60581;3;Trans-Light Blue;TriTiroir VioletFoncé;B;20
60581;5;White;TriTiroir VioletFoncé;B;20
4215ap09;5;Blue;TriTiroir VioletFoncé;B;21
4215bpb36;1;Trans-Black;TriTiroir VioletFoncé;B;21
4215bpb57R;2;Red;TriTiroir VioletFoncé;B;21
4215bpx18;3;White;TriTiroir VioletFoncé;B;21
4215bpx26;1;Blue;TriTiroir VioletFoncé;B;21
4215pb003;1;Black;TriTiroir VioletFoncé;B;21
4215pb011;6;Trans-Light Blue;TriTiroir VioletFoncé;B;21
4215pb013;1;Tan;TriTiroir VioletFoncé;B;21
4215pb015;2;Red;TriTiroir VioletFoncé;B;21
4215pb021;1;White;TriTiroir VioletFoncé;B;21
4215pb027;3;Blue;TriTiroir VioletFoncé;B;21
60581pb039;1;White;TriTiroir VioletFoncé;B;21
60581pb049;1;Trans-Clear;TriTiroir VioletFoncé;B;21
4215a;4;Black;TriTiroir VioletFoncé;B;22
4215a;2;Blue;TriTiroir VioletFoncé;B;22
4215a;3;Light Gray;TriTiroir VioletFoncé;B;22
4215a;1;Trans-Green;TriTiroir VioletFoncé;B;22
4215a;4;Trans-Light Blue;TriTiroir VioletFoncé;B;22
4215a;1;White;TriTiroir VioletFoncé;B;22
4215a;14;Yellow;TriTiroir VioletFoncé;B;22
4215b;3;Black;TriTiroir VioletFoncé;B;23
4215b;2;Blue;TriTiroir VioletFoncé;B;23
4215b;6;Light Gray;TriTiroir VioletFoncé;B;23
4215b;7;Red;TriTiroir VioletFoncé;B;23
4215b;3;Trans-Black;TriTiroir VioletFoncé;B;23
4215b;8;Trans-Light Blue;TriTiroir VioletFoncé;B;23
4215b;3;White;TriTiroir VioletFoncé;B;23
712;2;White;TriTiroir VioletFoncé;C;1
713;2;White;TriTiroir VioletFoncé;C;1
2401;4;Yellow;TriTiroir VioletFoncé;C;1
2413;2;Black;TriTiroir VioletFoncé;C;1
2413;2;Red;TriTiroir VioletFoncé;C;1
2413;2;White;TriTiroir VioletFoncé;C;1
2419;42;Black;TriTiroir VioletFoncé;C;1
2419;9;Blue;TriTiroir VioletFoncé;C;1
2419;1;Brown;TriTiroir VioletFoncé;C;1
2419;9;Dark Bluish Gray;TriTiroir VioletFoncé;C;1
2419;3;Dark Gray;TriTiroir VioletFoncé;C;1
2419;1;Light Bluish Gray;TriTiroir VioletFoncé;C;1
2419;6;Light Gray;TriTiroir VioletFoncé;C;1
2419;6;Red;TriTiroir VioletFoncé;C;1
2419;2;Sand Green;TriTiroir VioletFoncé;C;1
2419;2;Trans-Red;TriTiroir VioletFoncé;C;1
2419;38;White;TriTiroir VioletFoncé;C;1
2625;5;Black;TriTiroir VioletFoncé;C;1
2625;1;Light Gray;TriTiroir VioletFoncé;C;1
2625;1;Red;TriTiroir VioletFoncé;C;1
3933;1;Blue;TriTiroir VioletFoncé;C;1
3934;1;Blue;TriTiroir VioletFoncé;C;1
3934;1;Light Gray;TriTiroir VioletFoncé;C;1
3934;2;White;TriTiroir VioletFoncé;C;1
3934;3;White;TriTiroir VioletFoncé;C;1
3935;4;Black;TriTiroir VioletFoncé;C;1
3935;5;Light Gray;TriTiroir VioletFoncé;C;1
3935;6;White;TriTiroir VioletFoncé;C;1
3936;4;Black;TriTiroir VioletFoncé;C;1
3936;4;Light Gray;TriTiroir VioletFoncé;C;1
3936;5;White;TriTiroir VioletFoncé;C;1
4151;5;Black;TriTiroir VioletFoncé;C;1
4151;5;Dark Bluish Gray;TriTiroir VioletFoncé;C;1
4151;7;Light Bluish Gray;TriTiroir VioletFoncé;C;1
6003;2;Dark Bluish Gray;TriTiroir VioletFoncé;C;1
6003;1;Light Bluish Gray;TriTiroir VioletFoncé;C;1
6003;7;Light Gray;TriTiroir VioletFoncé;C;1
6003;1;Lime;TriTiroir VioletFoncé;C;1
6003;3;White;TriTiroir VioletFoncé;C;1
6104;1;Blue;TriTiroir VioletFoncé;C;1
6104;2;Light Gray;TriTiroir VioletFoncé;C;1
6106;15;Black;TriTiroir VioletFoncé;C;1
6106;4;Light Bluish Gray;TriTiroir VioletFoncé;C;1
6106;6;Light Gray;TriTiroir VioletFoncé;C;1
30355;1;Black;TriTiroir VioletFoncé;C;1
30355;1;Dark Bluish Gray;TriTiroir VioletFoncé;C;1
30355;1;Light Gray;TriTiroir VioletFoncé;C;1
30356;1;Black;TriTiroir VioletFoncé;C;1
30356;1;Dark Bluish Gray;TriTiroir VioletFoncé;C;1
30356;1;Light Gray;TriTiroir VioletFoncé;C;1
30357;2;Black;TriTiroir VioletFoncé;C;1
30357;3;Brown;TriTiroir VioletFoncé;C;1
30357;11;Dark Gray;TriTiroir VioletFoncé;C;1
30357;1;Green;TriTiroir VioletFoncé;C;1
30357;2;Red;TriTiroir VioletFoncé;C;1
30503;2;Black;TriTiroir VioletFoncé;C;1
30503;9;Dark Bluish Gray;TriTiroir VioletFoncé;C;1
30503;1;Red;TriTiroir VioletFoncé;C;1
30503;2;White;TriTiroir VioletFoncé;C;1
30565;1;Blue;TriTiroir VioletFoncé;C;1
30565;5;Dark Blue;TriTiroir VioletFoncé;C;1
30565;4;Dark Bluish Gray;TriTiroir VioletFoncé;C;1
30565;1;Dark Tan;TriTiroir VioletFoncé;C;1
32059;5;Black;TriTiroir VioletFoncé;C;1
32059;2;Dark Bluish Gray;TriTiroir VioletFoncé;C;1
32059;3;Dark Tan;TriTiroir VioletFoncé;C;1
32059;2;White;TriTiroir VioletFoncé;C;1
47397;1;Light Bluish Gray;TriTiroir VioletFoncé;C;1
47397;1;White;TriTiroir VioletFoncé;C;1
47398;1;Light Bluish Gray;TriTiroir VioletFoncé;C;1
50303;3;Dark Bluish Gray;TriTiroir VioletFoncé;C;1
50304;1;Light Gray;TriTiroir VioletFoncé;C;1
50304;1;Red;TriTiroir VioletFoncé;C;1
50304;2;White;TriTiroir VioletFoncé;C;1
50305;2;Light Gray;TriTiroir VioletFoncé;C;1
50305;1;Red;TriTiroir VioletFoncé;C;1
50305;4;White;TriTiroir VioletFoncé;C;1
52037;10;Dark Bluish Gray;TriTiroir VioletFoncé;C;1
54383;1;Black;TriTiroir VioletFoncé;C;1
54383;2;Black;TriTiroir VioletFoncé;C;1
54383;1;Dark Bluish Gray;TriTiroir VioletFoncé;C;1
54383;1;Dark Bluish Gray;TriTiroir VioletFoncé;C;1
54383;3;Light Bluish Gray;TriTiroir VioletFoncé;C;1
54383;6;Light Bluish Gray;TriTiroir VioletFoncé;C;1
54383;3;White;TriTiroir VioletFoncé;C;1
54383;7;White;TriTiroir VioletFoncé;C;1
232059;1;Yellow;TriTiroir VioletFoncé;C;1
60219;3;Black;TriTiroir VioletFoncé;C;2
60219;1;Yellow;TriTiroir VioletFoncé;C;2
72454;1;White;TriTiroir VioletFoncé;C;2
52501;1;Blue;TriTiroir VioletFoncé;C;3
52501;6;Dark Bluish Gray;TriTiroir VioletFoncé;C;3
52501;1;Orange;TriTiroir VioletFoncé;C;3
52501;16;Red;TriTiroir VioletFoncé;C;3
52501;15;White;TriTiroir VioletFoncé;C;3
4856a;1;Black;TriTiroir VioletFoncé;C;4
4856a;2;Dark Bluish Gray;TriTiroir VioletFoncé;C;4
4856a;1;Red;TriTiroir VioletFoncé;C;4
4856a;3;White;TriTiroir VioletFoncé;C;4
4856a;1;Yellow;TriTiroir VioletFoncé;C;4
4856b;1;White;TriTiroir VioletFoncé;C;4
4211;1;Black;TriTiroir VioletFoncé;C;5
4211;1;Blue;TriTiroir VioletFoncé;C;5
4211;7;Red;TriTiroir VioletFoncé;C;5
4211;4;White;TriTiroir VioletFoncé;C;5
4211;3;Yellow;TriTiroir VioletFoncé;C;5
43713;9;Black;TriTiroir VioletFoncé;C;6
43713;4;White;TriTiroir VioletFoncé;C;6
30283;1;Black;TriTiroir VioletFoncé;C;7
30283;3;Dark Bluish Gray;TriTiroir VioletFoncé;C;7
30283;1;Yellow;TriTiroir VioletFoncé;C;7
4854;3;Black;TriTiroir VioletFoncé;C;8
4854;3;Blue;TriTiroir VioletFoncé;C;8
4854;2;Dark Blue;TriTiroir VioletFoncé;C;8
4854;1;Dark Bluish Gray;TriTiroir VioletFoncé;C;8
4854;2;Dark Gray;TriTiroir VioletFoncé;C;8
4854;2;Light Gray;TriTiroir VioletFoncé;C;8
4854;1;Red;TriTiroir VioletFoncé;C;8
4854;9;White;TriTiroir VioletFoncé;C;8
4855;1;Black;TriTiroir VioletFoncé;C;9
4855;3;Blue;TriTiroir VioletFoncé;C;9
4855;2;Light Gray;TriTiroir VioletFoncé;C;9
4855;2;Red;TriTiroir VioletFoncé;C;9
4855;3;White;TriTiroir VioletFoncé;C;9
4855;1;Yellow;TriTiroir VioletFoncé;C;9
4871;4;Black;TriTiroir VioletFoncé;C;10
4871;6;Blue;TriTiroir VioletFoncé;C;10
4871;1;Dark Bluish Gray;TriTiroir VioletFoncé;C;10
4871;5;Light Bluish Gray;TriTiroir VioletFoncé;C;10
4871;1;Light Gray;TriTiroir VioletFoncé;C;10
4871;2;Red;TriTiroir VioletFoncé;C;10
4871;15;White;TriTiroir VioletFoncé;C;10
4871;4;Yellow;TriTiroir VioletFoncé;C;10
2626;1;Black;TriTiroir VioletFoncé;C;19
4475;1;White;TriTiroir VioletFoncé;C;19
22889;1;Black;TriTiroir VioletFoncé;C;19
30183;1;White;TriTiroir VioletFoncé;C;19
47407;1;Red;TriTiroir VioletFoncé;C;19
40490;6;Black;TriTiroir VioletFoncé;A;24
40490;2;Blue;TriTiroir VioletFoncé;A;24
40490;2;White;TriTiroir VioletFoncé;A;24
40490;1;Yellow;TriTiroir VioletFoncé;A;24
40490;1;Light Bluish Gray;TriTiroir VioletFoncé;A;24
40490;4;Dark Bluish Gray;TriTiroir VioletFoncé;A;24
40490;1;Dark Gray;TriTiroir VioletFoncé;A;24
32348;6;Red;TriTiroir VioletFoncé;A;25
32348;1;Orange;TriTiroir VioletFoncé;A;25
32348;3;Black;TriTiroir VioletFoncé;A;25
32348;2;Dark Bluish Gray;TriTiroir VioletFoncé;A;25
32348;4;Light Bluish Gray;TriTiroir VioletFoncé;A;25
32271;6;Black;TriTiroir VioletFoncé;A;26
32271;1;Yellow;TriTiroir VioletFoncé;A;26
32271;4;Red;TriTiroir VioletFoncé;A;26
32271;3;Orange;TriTiroir VioletFoncé;A;26
32271;5;Lime;TriTiroir VioletFoncé;A;26
32271;2;Light Bluish Gray;TriTiroir VioletFoncé;A;26
32271;3;Dark Gray;TriTiroir VioletFoncé;A;26
32271;2;Dark Bluish Gray;TriTiroir VioletFoncé;A;26
