LOTID;DATEADDED;CATEGORY;COLOR;PRICE;QTY;BULK;IMAGE;DESCRIPTION;CONDITION;ITEMTYPE;ITEMID;SALE;STOCKROOM;ITEMWEIGHT;DATELASTSOLD;BASECURRENCYCODE;CATEGORYNAME;CATEGORYNAMEUNDER;COLORNAME;ITEMTYPENAME;ITEMIDNAME;BOX;LINE;ROW;DIMENSIONX;DIMENSIONY;DIMENSIONZ
;05/01/2022;5;9;0,17;29;1;;;U;P;2357;;Y;1,25;;EUR;Brick;;Light Gray;Part;Brick 2 x 2 Corner;Etagere Indigo;A;5;2;2;1
;05/01/2022;5;86;0,12;2;1;;;U;P;2357;;Y;1,25;;EUR;Brick;;Light Bluish Gray;Part;Brick 2 x 2 Corner;Etagere Indigo;A;5;2;2;1
;05/01/2022;26;9;0,11;12;1;;;U;P;2420;;Y;0,54;;EUR;Plate;;Light Gray;Part;Plate 2 x 2 Corner;Etagere Indigo;A;5;2;2;0
;05/01/2022;26;10;0,17;10;1;;;U;P;2420;;Y;0,54;;EUR;Plate;;Dark Gray;Part;Plate 2 x 2 Corner;Etagere Indigo;A;5;2;2;0
;05/01/2022;26;86;0,17;23;1;;;U;P;2420;;Y;0,54;;EUR;Plate;;Light Bluish Gray;Part;Plate 2 x 2 Corner;Etagere Indigo;A;5;2;2;0
;05/01/2022;26;9;0,27;4;1;;;U;P;2445;;Y;3,5;;EUR;Plate;;Light Gray;Part;Plate 2 x 12;Etagere Indigo;A;5;2;12;0
;05/01/2022;26;86;0,22;10;1;;;U;P;2445;;Y;3,5;;EUR;Plate;;Light Bluish Gray;Part;Plate 2 x 12;Etagere Indigo;A;5;2;12;0
;05/01/2022;32;9;0,41;30;1;;;U;P;2449;;Y;1,88;;EUR;Slope, Inverted;;Light Gray;Part;Slope, Inverted 75 2 x 1 x 3;Etagere Indigo;A;5;2;1;3
;05/01/2022;5;9;0,24;14;1;;;U;P;2456;;Y;3,74;;EUR;Brick;;Light Gray;Part;Brick 2 x 6;Etagere Indigo;A;5;2;6;1
;05/01/2022;5;86;0,17;2;1;;;U;P;2456;;Y;3,74;;EUR;Brick;;Light Bluish Gray;Part;Brick 2 x 6;Etagere Indigo;A;5;2;6;1
;05/01/2022;5;9;0,71;3;1;;;U;P;2465;;Y;6,2;;EUR;Brick;;Light Gray;Part;Brick 1 x 16;Etagere Indigo;A;5;1;16;1
;05/01/2022;5;86;0,67;1;1;;;U;P;2465;;Y;6,2;;EUR;Brick;;Light Bluish Gray;Part;Brick 1 x 16;Etagere Indigo;A;5;1;16;1
;05/01/2022;5;9;0,25;38;1;;;U;P;3001;;Y;2,32;;EUR;Brick;;Light Gray;Part;Brick 2 x 4;Etagere Indigo;A;5;2;4;1
;05/01/2022;5;86;0,71;11;1;;;U;P;3001;;Y;2,32;;EUR;Brick;;Light Bluish Gray;Part;Brick 2 x 4;Etagere Indigo;A;5;2;4;1
;05/01/2022;5;9;0,16;27;1;;;U;P;3002;;Y;1,92;;EUR;Brick;;Light Gray;Part;Brick 2 x 3;Etagere Indigo;A;5;2;3;1
;05/01/2022;5;86;0,1;4;1;;;U;P;3002;;Y;1,92;;EUR;Brick;;Light Bluish Gray;Part;Brick 2 x 3;Etagere Indigo;A;5;2;3;1
;05/01/2022;5;9;0,12;79;1;;;U;P;3003;;Y;1,35;;EUR;Brick;;Light Gray;Part;Brick 2 x 2;Etagere Indigo;A;5;2;2;1
;05/01/2022;5;86;0,16;11;1;;;U;P;3003;;Y;1,35;;EUR;Brick;;Light Bluish Gray;Part;Brick 2 x 2;Etagere Indigo;A;5;2;2;1
;05/01/2022;5;9;0,13;29;1;;;U;P;3004;;Y;0,83;;EUR;Brick;;Light Gray;Part;Brick 1 x 2;Etagere Indigo;A;5;1;2;1
;05/01/2022;5;86;0,12;7;1;;;U;P;3004;;Y;0,83;;EUR;Brick;;Light Bluish Gray;Part;Brick 1 x 2;Etagere Indigo;A;5;1;2;1
;05/01/2022;5;9;0,14;30;1;;;U;P;3005;;Y;0,44;;EUR;Brick;;Light Gray;Part;Brick 1 x 1;Etagere Indigo;A;5;1;1;1
;05/01/2022;5;86;0,13;4;1;;;U;P;3005;;Y;0,44;;EUR;Brick;;Light Bluish Gray;Part;Brick 1 x 1;Etagere Indigo;A;5;1;1;1
;05/01/2022;5;9;0,38;12;1;;;U;P;3006;;Y;5,75;;EUR;Brick;;Light Gray;Part;Brick 2 x 10;Etagere Indigo;A;5;2;10;0
;05/01/2022;5;9;0,35;8;1;;;U;P;3007;;Y;4,75;;EUR;Brick;;Light Gray;Part;Brick 2 x 8;Etagere Indigo;A;5;2;8;1
;05/01/2022;5;86;0,32;2;1;;;U;P;3007;;Y;4,75;;EUR;Brick;;Light Bluish Gray;Part;Brick 2 x 8;Etagere Indigo;A;5;2;8;1
;05/01/2022;5;9;0,37;5;1;;;U;P;3008;;Y;3,21;;EUR;Brick;;Light Gray;Part;Brick 1 x 8;Etagere Indigo;A;5;1;8;0
;05/01/2022;5;86;0,48;3;1;;;U;P;3008;;Y;3,21;;EUR;Brick;;Light Bluish Gray;Part;Brick 1 x 8;Etagere Indigo;A;5;1;8;0
;05/01/2022;5;9;0,3;18;1;;;U;P;3009;;Y;2,42;;EUR;Brick;;Light Gray;Part;Brick 1 x 6;Etagere Indigo;A;5;1;6;1
;05/01/2022;5;86;0,24;3;1;;;U;P;3009;;Y;2,42;;EUR;Brick;;Light Bluish Gray;Part;Brick 1 x 6;Etagere Indigo;A;5;1;6;1
;05/01/2022;5;9;0,23;42;1;;;U;P;3010;;Y;1,64;;EUR;Brick;;Light Gray;Part;Brick 1 x 4;Etagere Indigo;A;5;1;4;1
;05/01/2022;5;86;0,3;11;1;;;U;P;3010;;Y;1,64;;EUR;Brick;;Light Bluish Gray;Part;Brick 1 x 4;Etagere Indigo;A;5;1;4;1
;05/01/2022;26;9;0,13;59;1;;;U;P;3020;;Y;1,2;;EUR;Plate;;Light Gray;Part;Plate 2 x 4;Etagere Indigo;A;5;2;4;0
;05/01/2022;26;86;0,23;41;1;;;U;P;3020;;Y;1,2;;EUR;Plate;;Light Bluish Gray;Part;Plate 2 x 4;Etagere Indigo;A;5;2;4;0
;05/01/2022;26;9;0,1;27;1;;;U;P;3021;;Y;0,93;;EUR;Plate;;Light Gray;Part;Plate 2 x 3;Etagere Indigo;A;5;2;3;0
;05/01/2022;26;86;0,13;31;1;;;U;P;3021;;Y;0,93;;EUR;Plate;;Light Bluish Gray;Part;Plate 2 x 3;Etagere Indigo;A;5;2;3;0
;05/01/2022;26;9;0,07;72;1;;;U;P;3022;;Y;0,64;;EUR;Plate;;Light Gray;Part;Plate 2 x 2;Etagere Indigo;A;5;2;2;0
;05/01/2022;26;86;0,1;22;1;;;U;P;3022;;Y;0,64;;EUR;Plate;;Light Bluish Gray;Part;Plate 2 x 2;Etagere Indigo;A;5;2;2;0
;05/01/2022;26;9;0,07;17;1;;;U;P;3023;;Y;0,36;;EUR;Plate;;Light Gray;Part;Plate 1 x 2;Etagere Indigo;A;5;1;2;0
;05/01/2022;26;10;0,15;9;1;;;U;P;3023;;Y;0,36;;EUR;Plate;;Dark Gray;Part;Plate 1 x 2;Etagere Indigo;A;5;1;2;0
;05/01/2022;26;86;0,07;60;1;;;U;P;3023;;Y;0,36;;EUR;Plate;;Light Bluish Gray;Part;Plate 1 x 2;Etagere Indigo;A;5;1;2;0
;05/01/2022;26;9;2,26;3;1;;;U;P;3027;;Y;13,27;;EUR;Plate;;Light Gray;Part;Plate 6 x 16;Etagere Indigo;A;5;6;16;0
;05/01/2022;26;86;1,51;1;1;;;U;P;3027;;Y;13,27;;EUR;Plate;;Light Bluish Gray;Part;Plate 6 x 16;Etagere Indigo;A;5;6;16;0
;05/01/2022;26;9;1,81;1;1;;;U;P;3028;;Y;9,47;;EUR;Plate;;Light Gray;Part;Plate 6 x 12;Etagere Indigo;A;5;6;12;0
;05/01/2022;26;9;0,76;1;1;;;U;P;3029;;Y;6,76;;EUR;Plate;;Light Gray;Part;Plate 4 x 12;Etagere Indigo;A;5;4;12;0
;05/01/2022;26;86;0,67;1;1;;;U;P;3029;;Y;6,76;;EUR;Plate;;Light Bluish Gray;Part;Plate 4 x 12;Etagere Indigo;A;5;4;12;0
;05/01/2022;26;9;0,19;9;1;;;U;P;3031;;Y;2,22;;EUR;Plate;;Light Gray;Part;Plate 4 x 4;Etagere Indigo;A;5;4;4;0
;05/01/2022;26;86;0,11;4;1;;;U;P;3031;;Y;2,22;;EUR;Plate;;Light Bluish Gray;Part;Plate 4 x 4;Etagere Indigo;A;5;4;4;0
;05/01/2022;26;9;0,27;14;1;;;U;P;3032;;Y;3,3;;EUR;Plate;;Light Gray;Part;Plate 4 x 6;Etagere Indigo;A;5;4;6;0
;05/01/2022;26;86;0,19;9;1;;;U;P;3032;;Y;3,3;;EUR;Plate;;Light Bluish Gray;Part;Plate 4 x 6;Etagere Indigo;A;5;4;6;0
;05/01/2022;26;9;1,03;2;1;;;U;P;3033;;Y;7,95;;EUR;Plate;;Light Gray;Part;Plate 6 x 10;Etagere Indigo;A;5;6;10;0
;05/01/2022;26;86;0,64;8;1;;;U;P;3033;;Y;7,95;;EUR;Plate;;Light Bluish Gray;Part;Plate 6 x 10;Etagere Indigo;A;5;6;10;0
;05/01/2022;26;9;0,23;4;1;;;U;P;3034;;Y;2,27;;EUR;Plate;;Light Gray;Part;Plate 2 x 8;Etagere Indigo;A;5;2;8;0
;05/01/2022;26;86;1,03;19;1;;;U;P;3034;;Y;2,27;;EUR;Plate;;Light Bluish Gray;Part;Plate 2 x 8;Etagere Indigo;A;5;2;8;0
;05/01/2022;26;9;0,41;4;1;;;U;P;3035;;Y;4,7;;EUR;Plate;;Light Gray;Part;Plate 4 x 8;Etagere Indigo;A;5;4;8;0
;05/01/2022;26;86;0,32;2;1;;;U;P;3035;;Y;4,7;;EUR;Plate;;Light Bluish Gray;Part;Plate 4 x 8;Etagere Indigo;A;5;4;8;0
;05/01/2022;26;9;0,72;4;1;;;U;P;3036;;Y;6,4;;EUR;Plate;;Light Gray;Part;Plate 6 x 8;Etagere Indigo;A;5;6;8;0
;05/01/2022;26;86;0,56;4;1;;;U;P;3036;;Y;6,4;;EUR;Plate;;Light Bluish Gray;Part;Plate 6 x 8;Etagere Indigo;A;5;6;8;0
;05/01/2022;31;9;0,23;4;1;;;U;P;3037;;Y;1,97;;EUR;Slope;;Light Gray;Part;Slope 45 2 x 4;Etagere Indigo;A;5;2;4;0
;05/01/2022;31;10;0,14;4;1;;;U;P;3037;;Y;1,97;;EUR;Slope;;Dark Gray;Part;Slope 45 2 x 4;Etagere Indigo;A;5;2;4;0
;05/01/2022;31;9;0,21;1;1;;;U;P;3038;;Y;1,72;;EUR;Slope;;Light Gray;Part;Slope 45 2 x 3;Etagere Indigo;A;5;2;3;0
;05/01/2022;31;9;0,21;5;1;;;U;P;3038;;Y;1,72;;EUR;Slope;;Light Gray;Part;Slope 45 2 x 3;Etagere Indigo;A;5;2;3;0
;05/01/2022;31;9;0,08;39;1;;;U;P;3039;;Y;1,15;;EUR;Slope;;Light Gray;Part;Slope 45 2 x 2;Etagere Indigo;A;5;2;2;1
;05/01/2022;31;86;0,21;11;1;;;U;P;3039;;Y;1,15;;EUR;Slope;;Light Bluish Gray;Part;Slope 45 2 x 2;Etagere Indigo;A;5;2;2;1
;05/01/2022;31;9;0,07;77;1;;;U;P;3040;;Y;0,69;;EUR;Slope;;Light Gray;Part;Slope 45 2 x 1;Etagere Indigo;A;5;2;1;1
;05/01/2022;31;10;0,07;5;1;;;U;P;3040;;Y;0,69;;EUR;Slope;;Dark Gray;Part;Slope 45 2 x 1;Etagere Indigo;A;5;2;1;1
;05/01/2022;31;86;0,08;6;1;;;U;P;3040;;Y;0,69;;EUR;Slope;;Light Bluish Gray;Part;Slope 45 2 x 1;Etagere Indigo;A;5;2;1;1
;05/01/2022;31;9;0,22;2;1;;;U;P;3045;;Y;0,9;;EUR;Slope;;Light Gray;Part;Slope 45 2 x 2 Double Convex Corner;Etagere Indigo;A;5;2;2;1
;05/01/2022;31;86;0,29;3;1;;;U;P;3045;;Y;0,9;;EUR;Slope;;Light Bluish Gray;Part;Slope 45 2 x 2 Double Convex Corner;Etagere Indigo;A;5;2;2;1
;05/01/2022;31;9;0,37;3;1;;;U;P;3297;;Y;2,57;;EUR;Slope;;Light Gray;Part;Slope 33 3 x 4;Etagere Indigo;A;5;3;4;1
;05/01/2022;31;9;0,11;14;1;;;U;P;3298;;Y;1,33;;EUR;Slope;;Light Gray;Part;Slope 33 3 x 2;Etagere Indigo;A;5;3;2;1
;05/01/2022;31;10;0,1;3;1;;;U;P;3298;;Y;1,33;;EUR;Slope;;Dark Gray;Part;Slope 33 3 x 2;Etagere Indigo;A;5;3;2;1
;05/01/2022;26;86;1,34;2;1;;;U;P;3456;;Y;11;;EUR;Plate;;Light Bluish Gray;Part;Plate 6 x 14;Etagere Indigo;A;5;6;14;0
;05/01/2022;26;9;0,15;21;1;;;U;P;3460;;Y;1,36;;EUR;Plate;;Light Gray;Part;Plate 1 x 8;Etagere Indigo;A;5;1;8;0
;05/01/2022;26;10;0,15;1;1;;;U;P;3460;;Y;1,36;;EUR;Plate;;Dark Gray;Part;Plate 1 x 8;Etagere Indigo;A;5;1;8;0
;05/01/2022;26;86;1,34;12;1;;;U;P;3460;;Y;1,36;;EUR;Plate;;Light Bluish Gray;Part;Plate 1 x 8;Etagere Indigo;A;5;1;8;0
;05/01/2022;5;9;0,21;36;1;;;U;P;3622;;Y;1,24;;EUR;Brick;;Light Gray;Part;Brick 1 x 3;Etagere Indigo;A;5;1;3;1
;05/01/2022;5;86;0,15;9;1;;;U;P;3622;;Y;1,24;;EUR;Brick;;Light Bluish Gray;Part;Brick 1 x 3;Etagere Indigo;A;5;1;3;1
;05/01/2022;26;10;0,12;7;1;;;U;P;3623;;Y;0,53;;EUR;Plate;;Dark Gray;Part;Plate 1 x 3;Etagere Indigo;A;5;1;3;0
;05/01/2022;26;86;0,21;15;1;;;U;P;3623;;Y;0,53;;EUR;Plate;;Light Bluish Gray;Part;Plate 1 x 3;Etagere Indigo;A;5;1;3;0
;05/01/2022;32;9;0,12;5;1;;;U;P;3660;;Y;1,25;;EUR;Slope, Inverted;;Light Gray;Part;Slope, Inverted 45 2 x 2;Etagere Indigo;A;5;2;2;1
;05/01/2022;32;10;0,06;28;1;;;U;P;3660;;Y;1,25;;EUR;Slope, Inverted;;Dark Gray;Part;Slope, Inverted 45 2 x 2;Etagere Indigo;A;5;2;2;1
;05/01/2022;32;86;0,21;7;1;;;U;P;3660;;Y;1,25;;EUR;Slope, Inverted;;Light Bluish Gray;Part;Slope, Inverted 45 2 x 2;Etagere Indigo;A;5;2;2;1
;05/01/2022;32;9;0,07;14;1;;;U;P;3665;;Y;0,66;;EUR;Slope, Inverted;;Light Gray;Part;Slope, Inverted 45 2 x 1;Etagere Indigo;A;5;2;1;1
;05/01/2022;32;10;0,06;2;1;;;U;P;3665;;Y;0,66;;EUR;Slope, Inverted;;Dark Gray;Part;Slope, Inverted 45 2 x 1;Etagere Indigo;A;5;2;1;1
;05/01/2022;32;86;0,12;4;1;;;U;P;3665;;Y;0,66;;EUR;Slope, Inverted;;Light Bluish Gray;Part;Slope, Inverted 45 2 x 1;Etagere Indigo;A;5;2;1;1
;05/01/2022;26;9;0,11;7;1;;;U;P;3666;;Y;1,06;;EUR;Plate;;Light Gray;Part;Plate 1 x 6;Etagere Indigo;A;5;1;6;0
;05/01/2022;26;10;0,17;3;1;;;U;P;3666;;Y;1,06;;EUR;Plate;;Dark Gray;Part;Plate 1 x 6;Etagere Indigo;A;5;1;6;0
;05/01/2022;26;86;0,07;21;1;;;U;P;3666;;Y;1,06;;EUR;Plate;;Light Bluish Gray;Part;Plate 1 x 6;Etagere Indigo;A;5;1;6;0
;05/01/2022;26;9;0,09;38;1;;;U;P;3710;;Y;0,71;;EUR;Plate;;Light Gray;Part;Plate 1 x 4;Etagere Indigo;A;5;1;4;0
;05/01/2022;26;86;0,35;30;1;;;U;P;3710;;Y;0,71;;EUR;Plate;;Light Bluish Gray;Part;Plate 1 x 4;Etagere Indigo;A;5;1;4;0
;05/01/2022;26;9;0,12;29;1;;;U;P;3795;;Y;1,74;;EUR;Plate;;Light Gray;Part;Plate 2 x 6;Etagere Indigo;A;5;2;6;0
;05/01/2022;26;86;0,09;12;1;;;U;P;3795;;Y;1,74;;EUR;Plate;;Light Bluish Gray;Part;Plate 2 x 6;Etagere Indigo;A;5;2;6;0
;05/01/2022;26;9;0,22;5;1;;;U;P;3832;;Y;2,91;;EUR;Plate;;Light Gray;Part;Plate 2 x 10;Etagere Indigo;A;5;2;10;0
;05/01/2022;26;86;0,17;5;1;;;U;P;3832;;Y;2,91;;EUR;Plate;;Light Bluish Gray;Part;Plate 2 x 10;Etagere Indigo;A;5;2;10;0
;05/01/2022;26;9;0,51;3;1;;;U;P;3958;;Y;4,71;;EUR;Plate;;Light Gray;Part;Plate 6 x 6;Etagere Indigo;A;5;6;6;0
;05/01/2022;26;86;0,26;4;1;;;U;P;3958;;Y;4,71;;EUR;Plate;;Light Bluish Gray;Part;Plate 6 x 6;Etagere Indigo;A;5;6;6;0
;05/01/2022;31;9;0,08;25;1;;;U;P;4286;;Y;0,98;;EUR;Slope;;Light Gray;Part;Slope 33 3 x 1;Etagere Indigo;A;5;3;1;1
;05/01/2022;31;10;0,09;4;1;;;U;P;4286;;Y;0,98;;EUR;Slope;;Dark Gray;Part;Slope 33 3 x 1;Etagere Indigo;A;5;3;1;1
;05/01/2022;31;86;0,08;4;1;;;U;P;4286;;Y;0,98;;EUR;Slope;;Light Bluish Gray;Part;Slope 33 3 x 1;Etagere Indigo;A;5;3;1;1
;05/01/2022;32;9;0,09;5;1;;;U;P;4287;;Y;0,94;;EUR;Slope, Inverted;;Light Gray;Part;Slope, Inverted 33 3 x 1;Etagere Indigo;A;5;3;1;0
;05/01/2022;32;86;0,08;3;1;;;U;P;4287;;Y;0,94;;EUR;Slope, Inverted;;Light Bluish Gray;Part;Slope, Inverted 33 3 x 1;Etagere Indigo;A;5;3;1;0
;05/01/2022;31;86;0,44;1;1;;;U;P;4445;;Y;4,04;;EUR;Slope;;Light Bluish Gray;Part;Slope 45 2 x 8;Etagere Indigo;A;5;2;8;1
;05/01/2022;5;9;0,61;2;1;;;U;P;6111;;Y;3,8;;EUR;Brick;;Light Gray;Part;Brick 1 x 10;Etagere Indigo;A;5;1;10;1
;05/01/2022;31;9;0,26;5;1;;;U;P;30363;;Y;1,71;;EUR;Slope;;Light Gray;Part;Slope 18 4 x 2;Etagere Indigo;A;5;4;2;1
;05/01/2022;31;10;0,17;6;1;;;U;P;30363;;Y;1,71;;EUR;Slope;;Dark Gray;Part;Slope 18 4 x 2;Etagere Indigo;A;5;4;2;1
;05/01/2022;31;86;0,24;1;1;;;U;P;30363;;Y;1,71;;EUR;Slope;;Light Bluish Gray;Part;Slope 18 4 x 2;Etagere Indigo;A;5;4;2;1
;05/01/2022;26;86;0,85;1;1;;;U;P;41539;;Y;9,4;;EUR;Plate;;Light Bluish Gray;Part;Plate 8 x 8;Etagere Indigo;A;5;8;8;0
;05/01/2022;26;86;0,28;4;1;;;U;P;60479;;Y;1,95;;EUR;Plate;;Light Bluish Gray;Part;Plate 1 x 12;Etagere Indigo;A;5;1;12;0
;05/01/2022;31;86;0,09;1;1;;;U;P;60481;;Y;1,16;;EUR;Slope;;Light Bluish Gray;Part;Slope 65 2 x 1 x 2;Etagere Indigo;A;5;2;1;2
;05/01/2022;31;9;0,42;1;1;;;U;P;3046a;;Y;1,11;;EUR;Slope;;Light Gray;Part;Slope 45 2 x 2 Double Concave;Etagere Indigo;A;5;2;2;1
;05/01/2022;31;86;0,1;8;1;;;U;P;3678b;;Y;2,09;;EUR;Slope;;Light Bluish Gray;Part;Slope 65 2 x 2 x 2 with Bottom Tube;Etagere Indigo;A;5;2;2;2
;05/01/2022;31;9;0,35;10;1;;;U;P;3684a;;Y;2,83;;EUR;Slope;;Light Gray;Part;Slope 75 2 x 2 x 3 - Hollow Studs;Etagere Indigo;A;5;2;2;3
;05/01/2022;31;86;0,23;1;1;;;U;P;3684a;;Y;2,83;;EUR;Slope;;Light Bluish Gray;Part;Slope 75 2 x 2 x 3 - Hollow Studs;Etagere Indigo;A;5;2;2;3
;05/01/2022;32;9;0,11;10;1;;;U;P;3747a;;Y;1,65;;EUR;Slope, Inverted;;Light Gray;Part;Slope, Inverted 33 3 x 2 without Connections between Studs;Etagere Indigo;A;5;3;2;0
;05/01/2022;32;10;0,09;2;1;;;U;P;3747a;;Y;1,65;;EUR;Slope, Inverted;;Dark Gray;Part;Slope, Inverted 33 3 x 2 without Connections between Studs;Etagere Indigo;A;5;3;2;0
;05/01/2022;32;86;0,2;4;1;;;U;P;3747a;;Y;1,65;;EUR;Slope, Inverted;;Light Bluish Gray;Part;Slope, Inverted 33 3 x 2 without Connections between Studs;Etagere Indigo;A;5;3;2;0
;05/01/2022;31;9;0,24;24;1;;;U;P;4460a;;Y;1,7;;EUR;Slope;;Light Gray;Part;Slope 75 2 x 1 x 3 - Open Stud;Etagere Indigo;A;5;2;1;3
;05/01/2022;31;10;0,36;2;1;;;U;P;4460a;;Y;1,7;;EUR;Slope;;Dark Gray;Part;Slope 75 2 x 1 x 3 - Open Stud;Etagere Indigo;A;5;2;1;3
;05/01/2022;31;86;0,29;3;1;;;U;P;4460a;;Y;1,7;;EUR;Slope;;Light Bluish Gray;Part;Slope 75 2 x 1 x 3 - Open Stud;Etagere Indigo;A;5;2;1;3
;05/01/2022;106;1;0,06;13;1;;;U;P;2340;;Y;1,64;;EUR;Tail;;White;Part;Tail 4 x 1 x 3;Etagere Indigo;C;1;4;1;3
;05/01/2022;106;5;0,07;12;1;;;U;P;2340;;Y;1,64;;EUR;Tail;;Red;Part;Tail 4 x 1 x 3;Etagere Indigo;C;1;4;1;3
;05/01/2022;106;7;0,1;6;1;;;U;P;2340;;Y;1,64;;EUR;Tail;;Blue;Part;Tail 4 x 1 x 3;Etagere Indigo;C;1;4;1;3
;05/01/2022;106;11;0,07;11;1;;;U;P;2340;;Y;1,64;;EUR;Tail;;Black;Part;Tail 4 x 1 x 3;Etagere Indigo;C;1;4;1;3
;05/01/2022;135;1;0,2;3;1;;;U;P;2730;;Y;3,67;;EUR;Technic, Brick;;White;Part;Technic, Brick 1 x 10 with Holes;Etagere Indigo;C;1;1;10;1
;05/01/2022;135;3;0,27;2;1;;;U;P;2730;;Y;3,67;;EUR;Technic, Brick;;Yellow;Part;Technic, Brick 1 x 10 with Holes;Etagere Indigo;C;1;1;10;1
;05/01/2022;135;5;0,19;1;1;;;U;P;2730;;Y;3,67;;EUR;Technic, Brick;;Red;Part;Technic, Brick 1 x 10 with Holes;Etagere Indigo;C;1;1;10;1
;05/01/2022;135;11;0,19;6;1;;;U;P;2730;;Y;3,67;;EUR;Technic, Brick;;Black;Part;Technic, Brick 1 x 10 with Holes;Etagere Indigo;C;1;1;10;1
;05/01/2022;135;63;0,3;2;1;;;U;P;2730;;Y;3,67;;EUR;Technic, Brick;;Dark Blue;Part;Technic, Brick 1 x 10 with Holes;Etagere Indigo;C;1;1;10;1
;05/01/2022;135;3;0,13;3;1;;;U;P;3702;;Y;2,85;;EUR;Technic, Brick;;Yellow;Part;Technic, Brick 1 x 8 with Holes;Etagere Indigo;C;1;1;8;1
;05/01/2022;135;5;0,11;16;1;;;U;P;3702;;Y;2,85;;EUR;Technic, Brick;;Red;Part;Technic, Brick 1 x 8 with Holes;Etagere Indigo;C;1;1;8;1
;05/01/2022;135;7;0,17;11;1;;;U;P;3702;;Y;2,85;;EUR;Technic, Brick;;Blue;Part;Technic, Brick 1 x 8 with Holes;Etagere Indigo;C;1;1;8;1
;05/01/2022;135;11;0,14;14;1;;;U;P;3702;;Y;2,85;;EUR;Technic, Brick;;Black;Part;Technic, Brick 1 x 8 with Holes;Etagere Indigo;C;1;1;8;1
;05/01/2022;135;86;0,19;2;1;;;U;P;3702;;Y;2,85;;EUR;Technic, Brick;;Light Bluish Gray;Part;Technic, Brick 1 x 8 with Holes;Etagere Indigo;C;1;1;8;1
;05/01/2022;135;3;0,85;3;1;;;U;P;3703;;Y;5,87;;EUR;Technic, Brick;;Yellow;Part;Technic, Brick 1 x 16 with Holes;Etagere Indigo;C;1;1;16;1
;05/01/2022;135;5;0,71;2;1;;;U;P;3703;;Y;5,87;;EUR;Technic, Brick;;Red;Part;Technic, Brick 1 x 16 with Holes;Etagere Indigo;C;1;1;16;1
;05/01/2022;135;7;0,65;5;1;;;U;P;3703;;Y;5,87;;EUR;Technic, Brick;;Blue;Part;Technic, Brick 1 x 16 with Holes;Etagere Indigo;C;1;1;16;1
;05/01/2022;135;85;1;3;1;;;U;P;3703;;Y;5,87;;EUR;Technic, Brick;;Dark Bluish Gray;Part;Technic, Brick 1 x 16 with Holes;Etagere Indigo;C;1;1;16;1
;05/01/2022;140;3;0,14;2;1;;;U;P;3738;;Y;2,49;;EUR;Technic, Plate;;Yellow;Part;Technic, Plate 2 x 8 with 7 Holes;Etagere Indigo;C;1;2;8;0
;05/01/2022;140;5;0,14;6;1;;;U;P;3738;;Y;2,49;;EUR;Technic, Plate;;Red;Part;Technic, Plate 2 x 8 with 7 Holes;Etagere Indigo;C;1;2;8;0
;05/01/2022;140;7;0,19;2;1;;;U;P;3738;;Y;2,49;;EUR;Technic, Plate;;Blue;Part;Technic, Plate 2 x 8 with 7 Holes;Etagere Indigo;C;1;2;8;0
;05/01/2022;140;9;0,19;2;1;;;U;P;3738;;Y;2,49;;EUR;Technic, Plate;;Light Gray;Part;Technic, Plate 2 x 8 with 7 Holes;Etagere Indigo;C;1;2;8;0
;05/01/2022;140;11;0,15;2;1;;;U;P;3738;;Y;2,49;;EUR;Technic, Plate;;Black;Part;Technic, Plate 2 x 8 with 7 Holes;Etagere Indigo;C;1;2;8;0
;05/01/2022;140;85;0,17;2;1;;;U;P;3738;;Y;2,49;;EUR;Technic, Plate;;Dark Bluish Gray;Part;Technic, Plate 2 x 8 with 7 Holes;Etagere Indigo;C;1;2;8;0
;05/01/2022;135;1;0,1;6;1;;;U;P;3894;;Y;2,2;;EUR;Technic, Brick;;White;Part;Technic, Brick 1 x 6 with Holes;Etagere Indigo;C;1;1;6;1
;05/01/2022;135;3;0,08;3;1;;;U;P;3894;;Y;2,2;;EUR;Technic, Brick;;Yellow;Part;Technic, Brick 1 x 6 with Holes;Etagere Indigo;C;1;1;6;1
;05/01/2022;135;5;0,07;11;1;;;U;P;3894;;Y;2,2;;EUR;Technic, Brick;;Red;Part;Technic, Brick 1 x 6 with Holes;Etagere Indigo;C;1;1;6;1
;05/01/2022;135;7;0,1;2;1;;;U;P;3894;;Y;2,2;;EUR;Technic, Brick;;Blue;Part;Technic, Brick 1 x 6 with Holes;Etagere Indigo;C;1;1;6;1
;05/01/2022;135;9;0,11;1;1;;;U;P;3894;;Y;2,2;;EUR;Technic, Brick;;Light Gray;Part;Technic, Brick 1 x 6 with Holes;Etagere Indigo;C;1;1;6;1
;05/01/2022;135;11;0,11;10;1;;;U;P;3894;;Y;2,2;;EUR;Technic, Brick;;Black;Part;Technic, Brick 1 x 6 with Holes;Etagere Indigo;C;1;1;6;1
;05/01/2022;135;85;0,1;5;1;;;U;P;3894;;Y;2,2;;EUR;Technic, Brick;;Dark Bluish Gray;Part;Technic, Brick 1 x 6 with Holes;Etagere Indigo;C;1;1;6;1
;05/01/2022;135;86;0,11;1;1;;;U;P;3894;;Y;2,2;;EUR;Technic, Brick;;Light Bluish Gray;Part;Technic, Brick 1 x 6 with Holes;Etagere Indigo;C;1;1;6;1
;05/01/2022;135;3;0,31;3;1;;;U;P;3895;;Y;4,2;;EUR;Technic, Brick;;Yellow;Part;Technic, Brick 1 x 12 with Holes;Etagere Indigo;C;1;1;12;1
;05/01/2022;135;5;0,28;4;1;;;U;P;3895;;Y;4,2;;EUR;Technic, Brick;;Red;Part;Technic, Brick 1 x 12 with Holes;Etagere Indigo;C;1;1;12;1
;05/01/2022;135;7;0,36;5;1;;;U;P;3895;;Y;4,2;;EUR;Technic, Brick;;Blue;Part;Technic, Brick 1 x 12 with Holes;Etagere Indigo;C;1;1;12;1
;05/01/2022;135;85;0,43;6;1;;;U;P;3895;;Y;4,2;;EUR;Technic, Brick;;Dark Bluish Gray;Part;Technic, Brick 1 x 12 with Holes;Etagere Indigo;C;1;1;12;1
;05/01/2022;22;1;0,2;11;1;;;U;P;4213;;Y;1,88;;EUR;Hinge;;White;Part;Hinge Vehicle Roof 4 x 4;Etagere Indigo;C;1;4;4;0
;05/01/2022;22;3;0,15;5;1;;;U;P;4213;;Y;1,88;;EUR;Hinge;;Yellow;Part;Hinge Vehicle Roof 4 x 4;Etagere Indigo;C;1;4;4;0
;05/01/2022;22;5;0,13;9;1;;;U;P;4213;;Y;1,88;;EUR;Hinge;;Red;Part;Hinge Vehicle Roof 4 x 4;Etagere Indigo;C;1;4;4;0
;05/01/2022;22;7;0,17;2;1;;;U;P;4213;;Y;1,88;;EUR;Hinge;;Blue;Part;Hinge Vehicle Roof 4 x 4;Etagere Indigo;C;1;4;4;0
;05/01/2022;22;9;0,45;1;1;;;U;P;4213;;Y;1,88;;EUR;Hinge;;Light Gray;Part;Hinge Vehicle Roof 4 x 4;Etagere Indigo;C;1;4;4;0
;05/01/2022;22;11;0,14;22;1;;;U;P;4213;;Y;1,88;;EUR;Hinge;;Black;Part;Hinge Vehicle Roof 4 x 4;Etagere Indigo;C;1;4;4;0
;05/01/2022;22;14;0,57;3;1;;;U;P;4213;;Y;1,88;;EUR;Hinge;;Trans-Dark Blue;Part;Hinge Vehicle Roof 4 x 4;Etagere Indigo;C;1;4;4;0
;05/01/2022;93;11;0,16;2;1;;;U;P;4229;;Y;2,42;;EUR;Aircraft;;Black;Part;Engine, Strakes, 2 x 2 Thin Top Plate;Etagere Indigo;C;1;4,2;2;2,2
;05/01/2022;42;1;0,08;6;1;;;U;P;4858;;Y;2,66;;EUR;Wedge;;White;Part;Wedge 4 x 4 Taper without Stud Notches;Etagere Indigo;C;1;4;4;1
;05/01/2022;42;5;0,1;1;1;;;U;P;4858;;Y;2,66;;EUR;Wedge;;Red;Part;Wedge 4 x 4 Taper without Stud Notches;Etagere Indigo;C;1;4;4;1
;05/01/2022;42;11;0,31;1;1;;;U;P;4858;;Y;2,66;;EUR;Wedge;;Black;Part;Wedge 4 x 4 Taper without Stud Notches;Etagere Indigo;C;1;4;4;1
;05/01/2022;31;1;0,12;6;1;;;U;P;4861;;Y;2;;EUR;Slope;;White;Part;Slope 45 3 x 4 Double / 33;Etagere Indigo;C;1;3;4;1
;05/01/2022;31;3;0,11;1;1;;;U;P;4861;;Y;2;;EUR;Slope;;Yellow;Part;Slope 45 3 x 4 Double / 33;Etagere Indigo;C;1;3;4;1
;05/01/2022;31;11;16,13;1;1;;;U;P;4861;;Y;2;;EUR;Slope;;Black;Part;Slope 45 3 x 4 Double / 33;Etagere Indigo;C;1;3;4;1
;05/01/2022;93;9;0,16;4;1;;;U;P;4869;;Y;1,08;;EUR;Aircraft;;Light Gray;Part;Engine, Smooth Large, Center with Fan/Gear and Axle End;Etagere Indigo;C;1;3,6;1,5;1,5
;05/01/2022;42;1;0,24;1;1;;;U;P;6069;;Y;2,28;;EUR;Wedge;;White;Part;Wedge 4 x 4 Triple without Stud Notches;Etagere Indigo;C;1;4;4;1
;05/01/2022;140;1;0,12;1;1;;;U;P;32001;;Y;1,5;;EUR;Technic, Plate;;White;Part;Technic, Plate 2 x 6 with 5 Holes;Etagere Indigo;C;1;2;6;0
;05/01/2022;140;5;0,11;2;1;;;U;P;32001;;Y;1,5;;EUR;Technic, Plate;;Red;Part;Technic, Plate 2 x 6 with 5 Holes;Etagere Indigo;C;1;2;6;0
;05/01/2022;140;11;0,12;7;1;;;U;P;32001;;Y;1,5;;EUR;Technic, Plate;;Black;Part;Technic, Plate 2 x 6 with 5 Holes;Etagere Indigo;C;1;2;6;0
;05/01/2022;140;86;0,07;5;1;;;U;P;32001;;Y;1,5;;EUR;Technic, Plate;;Light Bluish Gray;Part;Technic, Plate 2 x 6 with 5 Holes;Etagere Indigo;C;1;2;6;0
;05/01/2022;137;4;0,49;2;1;;;U;P;32009;;Y;3,46;;EUR;Technic, Liftarm;;Orange;Part;Technic, Liftarm, Modified Bent Thick 1 x 11.5 Double;Etagere Indigo;C;1;0;0;0
;05/01/2022;137;5;0,1;1;1;;;U;P;32009;;Y;3,46;;EUR;Technic, Liftarm;;Red;Part;Technic, Liftarm, Modified Bent Thick 1 x 11.5 Double;Etagere Indigo;C;1;0;0;0
;05/01/2022;137;7;0,12;2;1;;;U;P;32009;;Y;3,46;;EUR;Technic, Liftarm;;Blue;Part;Technic, Liftarm, Modified Bent Thick 1 x 11.5 Double;Etagere Indigo;C;1;0;0;0
;05/01/2022;137;11;0,1;5;1;;;U;P;32009;;Y;3,46;;EUR;Technic, Liftarm;;Black;Part;Technic, Liftarm, Modified Bent Thick 1 x 11.5 Double;Etagere Indigo;C;1;0;0;0
;05/01/2022;137;85;0,1;2;1;;;U;P;32009;;Y;3,46;;EUR;Technic, Liftarm;;Dark Bluish Gray;Part;Technic, Liftarm, Modified Bent Thick 1 x 11.5 Double;Etagere Indigo;C;1;0;0;0
;05/01/2022;137;86;0,12;1;1;;;U;P;32009;;Y;3,46;;EUR;Technic, Liftarm;;Light Bluish Gray;Part;Technic, Liftarm, Modified Bent Thick 1 x 11.5 Double;Etagere Indigo;C;1;0;0;0
;05/01/2022;135;1;0,48;8;1;;;U;P;32018;;Y;4,92;;EUR;Technic, Brick;;White;Part;Technic, Brick 1 x 14 with Holes;Etagere Indigo;C;1;1;14;1
;05/01/2022;135;3;0,53;11;1;;;U;P;32018;;Y;4,92;;EUR;Technic, Brick;;Yellow;Part;Technic, Brick 1 x 14 with Holes;Etagere Indigo;C;1;1;14;1
;05/01/2022;135;9;0,59;7;1;;;U;P;32018;;Y;4,92;;EUR;Technic, Brick;;Light Gray;Part;Technic, Brick 1 x 14 with Holes;Etagere Indigo;C;1;1;14;1
;05/01/2022;135;11;0,35;15;1;;;U;P;32018;;Y;4,92;;EUR;Technic, Brick;;Black;Part;Technic, Brick 1 x 14 with Holes;Etagere Indigo;C;1;1;14;1
;05/01/2022;135;85;0,4;18;1;;;U;P;32018;;Y;4,92;;EUR;Technic, Brick;;Dark Bluish Gray;Part;Technic, Brick 1 x 14 with Holes;Etagere Indigo;C;1;1;14;1
;05/01/2022;135;86;0,44;3;1;;;U;P;32018;;Y;4,92;;EUR;Technic, Brick;;Light Bluish Gray;Part;Technic, Brick 1 x 14 with Holes;Etagere Indigo;C;1;1;14;1
;05/01/2022;135;1;0,33;1;1;;;U;P;32324;;Y;4,25;;EUR;Technic, Brick;;White;Part;Technic, Brick 4 x 4 Open Center;Etagere Indigo;C;1;4;4;1
;05/01/2022;135;11;2,83;2;1;;;U;P;32324;;Y;4,25;;EUR;Technic, Brick;;Black;Part;Technic, Brick 4 x 4 Open Center;Etagere Indigo;C;1;4;4;1
;05/01/2022;135;86;0,26;2;1;;;U;P;32324;;Y;4,25;;EUR;Technic, Brick;;Light Bluish Gray;Part;Technic, Brick 4 x 4 Open Center;Etagere Indigo;C;1;4;4;1
;05/01/2022;137;1;0,08;1;1;;;U;P;32524;;Y;1,74;;EUR;Technic, Liftarm;;White;Part;Technic, Liftarm Thick 1 x 7;Etagere Indigo;C;1;1;7;0
;05/01/2022;137;3;0,09;3;1;;;U;P;32524;;Y;1,74;;EUR;Technic, Liftarm;;Yellow;Part;Technic, Liftarm Thick 1 x 7;Etagere Indigo;C;1;1;7;0
;05/01/2022;137;5;0,09;2;1;;;U;P;32524;;Y;1,74;;EUR;Technic, Liftarm;;Red;Part;Technic, Liftarm Thick 1 x 7;Etagere Indigo;C;1;1;7;0
;05/01/2022;137;7;0,13;3;1;;;U;P;32524;;Y;1,74;;EUR;Technic, Liftarm;;Blue;Part;Technic, Liftarm Thick 1 x 7;Etagere Indigo;C;1;1;7;0
;05/01/2022;137;11;0,12;15;1;;;U;P;32524;;Y;1,74;;EUR;Technic, Liftarm;;Black;Part;Technic, Liftarm Thick 1 x 7;Etagere Indigo;C;1;1;7;0
;05/01/2022;137;34;0,1;5;1;;;U;P;32524;;Y;1,74;;EUR;Technic, Liftarm;;Lime;Part;Technic, Liftarm Thick 1 x 7;Etagere Indigo;C;1;1;7;0
;05/01/2022;137;85;0,13;12;1;;;U;P;32524;;Y;1,74;;EUR;Technic, Liftarm;;Dark Bluish Gray;Part;Technic, Liftarm Thick 1 x 7;Etagere Indigo;C;1;1;7;0
;05/01/2022;137;86;0,11;8;1;;;U;P;32524;;Y;1,74;;EUR;Technic, Liftarm;;Light Bluish Gray;Part;Technic, Liftarm Thick 1 x 7;Etagere Indigo;C;1;1;7;0
;05/01/2022;137;1;0,2;4;1;;;U;P;32525;;Y;2,8;;EUR;Technic, Liftarm;;White;Part;Technic, Liftarm Thick 1 x 11;Etagere Indigo;C;1;1;11;0
;05/01/2022;137;3;0,18;2;1;;;U;P;32525;;Y;2,8;;EUR;Technic, Liftarm;;Yellow;Part;Technic, Liftarm Thick 1 x 11;Etagere Indigo;C;1;1;11;0
;05/01/2022;135;11;0,66;5;1;;;U;P;32531;;Y;5;;EUR;Technic, Brick;;Black;Part;LegoTechnic, Brick 4 x 6 Open Center;Etagere Indigo;C;1;0;0;0
;05/01/2022;135;86;0,57;1;1;;;U;P;32531;;Y;5;;EUR;Technic, Brick;;Light Bluish Gray;Part;Technic, Brick 4 x 6 Open Center;Etagere Indigo;C;1;4;6;1
;05/01/2022;135;86;0,57;2;1;;;U;P;32531;;Y;5;;EUR;Technic, Brick;;Light Bluish Gray;Part;Technic, Brick 4 x 6 Open Center;Etagere Indigo;C;1;4;6;1
;05/01/2022;135;1;0,86;2;1;;;U;P;32532;;Y;8;;EUR;Technic, Brick;;White;Part;Technic, Brick 6 x 8 Open Center;Etagere Indigo;C;1;0;0;0
;05/01/2022;135;3;0,74;2;1;;;U;P;32532;;Y;8;;EUR;Technic, Brick;;Yellow;Part;Technic, Brick 6 x 8 Open Center;Etagere Indigo;C;1;0;0;0
;05/01/2022;135;3;3,1;3;1;;;U;P;32555;;Y;3,35;;EUR;Technic, Brick;;Yellow;Part;Technic, Brick 5 x 5 Right Angle (1 x 4 - 1 x 4);Etagere Indigo;C;1;5;5;1
;05/01/2022;137;7;0,48;7;1;;;U;P;41239;;Y;3,3;;EUR;Technic, Liftarm;;Blue;Part;Technic, Liftarm Thick 1 x 13;Etagere Indigo;C;1;1;13;0
;05/01/2022;137;11;0,28;17;1;;;U;P;41239;;Y;3,3;;EUR;Technic, Liftarm;;Black;Part;Technic, Liftarm Thick 1 x 13;Etagere Indigo;C;1;1;13;0
;05/01/2022;137;85;0,26;2;1;;;U;P;41239;;Y;3,3;;EUR;Technic, Liftarm;;Dark Bluish Gray;Part;Technic, Liftarm Thick 1 x 13;Etagere Indigo;C;1;1;13;0
;05/01/2022;137;86;0,42;8;1;;;U;P;41239;;Y;3,3;;EUR;Technic, Liftarm;;Light Bluish Gray;Part;Technic, Liftarm Thick 1 x 13;Etagere Indigo;C;1;1;13;0
;05/01/2022;42;1;0,07;4;1;;;U;P;48933;;Y;2;;EUR;Wedge;;White;Part;Wedge 4 x 4 Triple with Stud Notches;Etagere Indigo;C;1;4;4;1
;05/01/2022;91;1;0,1;5;1;;;U;P;60581;;Y;2,41;;EUR;Panel;;White;Part;Panel 1 x 4 x 3 with Side Supports - Hollow Studs;Etagere Indigo;C;1;1;4;3
;05/01/2022;91;15;0,21;3;1;;;U;P;60581;;Y;2,41;;EUR;Panel;;Trans-Light Blue;Part;Panel 1 x 4 x 3 with Side Supports - Hollow Studs;Etagere Indigo;C;1;1;4;3
;05/01/2022;741;11;0,04;1;1;;;U;P;2340pb012;;Y;1,64;;EUR;Tail, Decorated;;Black;Part;Tail 4 x 1 x 3 with Bee, Black 'VTOL', and Dark Gray and Yellow Stripes Pattern on Both Sides (Stickers) - Set 8222;Etagere Indigo;C;1;4;1;3
;05/01/2022;741;1;0,12;2;1;;;U;P;2340pb021;;Y;1,65;;EUR;Tail, Decorated;;White;Part;Tail 4 x 1 x 3 with Blue Stripes Pattern on Both Sides (Stickers) - Set 8824;Etagere Indigo;C;1;4;1;3
;05/01/2022;741;5;0,38;2;1;;;U;P;2340pb046L;;Y;1,64;;EUR;Tail, Decorated;;Red;Part;Tail 4 x 1 x 3 with Ferrari Logo Pattern on Left Side (Sticker) - Set 8654;Etagere Indigo;C;1;4;1;3
;05/01/2022;741;5;0,27;1;1;;;U;P;2340pb046R;;Y;1,64;;EUR;Tail, Decorated;;Red;Part;Tail 4 x 1 x 3 with Ferrari Logo Pattern on Right Side (Sticker) - Set 8654;Etagere Indigo;C;1;4;1;3
;05/01/2022;93;1;0,21;2;1;;;U;P;3475b;;Y;1,86;;EUR;Aircraft;;White;Part;Engine, Smooth Small, 1 x 2 Side Plate with Axle Holders;Etagere Indigo;C;1;4;2,6;1,2
;05/01/2022;93;3;0,05;8;1;;;U;P;3475b;;Y;1,86;;EUR;Aircraft;;Yellow;Part;Engine, Smooth Small, 1 x 2 Side Plate with Axle Holders;Etagere Indigo;C;1;4;2,6;1,2
;05/01/2022;93;7;0,26;2;1;;;U;P;3475b;;Y;1,86;;EUR;Aircraft;;Blue;Part;Engine, Smooth Small, 1 x 2 Side Plate with Axle Holders;Etagere Indigo;C;1;4;2,6;1,2
;05/01/2022;93;9;0,26;1;1;;;U;P;3475b;;Y;1,86;;EUR;Aircraft;;Light Gray;Part;Engine, Smooth Small, 1 x 2 Side Plate with Axle Holders;Etagere Indigo;C;1;4;2,6;1,2
;05/01/2022;93;11;0,06;14;1;;;U;P;3475b;;Y;1,86;;EUR;Aircraft;;Black;Part;Engine, Smooth Small, 1 x 2 Side Plate with Axle Holders;Etagere Indigo;C;1;4;2,6;1,2
;05/01/2022;93;85;0,06;5;1;;;U;P;3475b;;Y;1,86;;EUR;Aircraft;;Dark Bluish Gray;Part;Engine, Smooth Small, 1 x 2 Side Plate with Axle Holders;Etagere Indigo;C;1;4;2,6;1,2
;05/01/2022;140;1;0,05;5;1;;;U;P;3709b;;Y;1,15;;EUR;Technic, Plate;;White;Part;Technic, Plate 2 x 4 with 3 Holes;Etagere Indigo;C;1;2;4;0
;05/01/2022;140;3;0,05;4;1;;;U;P;3709b;;Y;1,15;;EUR;Technic, Plate;;Yellow;Part;Technic, Plate 2 x 4 with 3 Holes;Etagere Indigo;C;1;2;4;0
;05/01/2022;140;5;0,05;16;1;;;U;P;3709b;;Y;1,15;;EUR;Technic, Plate;;Red;Part;Technic, Plate 2 x 4 with 3 Holes;Etagere Indigo;C;1;2;4;0
;05/01/2022;140;7;0,06;6;1;;;U;P;3709b;;Y;1,15;;EUR;Technic, Plate;;Blue;Part;Technic, Plate 2 x 4 with 3 Holes;Etagere Indigo;C;1;2;4;0
;05/01/2022;140;9;0,07;1;1;;;U;P;3709b;;Y;1,15;;EUR;Technic, Plate;;Light Gray;Part;Technic, Plate 2 x 4 with 3 Holes;Etagere Indigo;C;1;2;4;0
;05/01/2022;140;11;0,06;6;1;;;U;P;3709b;;Y;1,15;;EUR;Technic, Plate;;Black;Part;Technic, Plate 2 x 4 with 3 Holes;Etagere Indigo;C;1;2;4;0
;05/01/2022;140;85;0,06;4;1;;;U;P;3709b;;Y;1,15;;EUR;Technic, Plate;;Dark Bluish Gray;Part;Technic, Plate 2 x 4 with 3 Holes;Etagere Indigo;C;1;2;4;0
;05/01/2022;140;86;0,07;4;1;;;U;P;3709b;;Y;1,15;;EUR;Technic, Plate;;Light Bluish Gray;Part;Technic, Plate 2 x 4 with 3 Holes;Etagere Indigo;C;1;2;4;0
;05/01/2022;91;1;0,45;1;1;;;U;P;4215a;;Y;2,33;;EUR;Panel;;White;Part;Panel 1 x 4 x 3 - Solid Studs;Etagere Indigo;C;1;1;4;3
;05/01/2022;91;3;0,33;14;1;;;U;P;4215a;;Y;2,33;;EUR;Panel;;Yellow;Part;Panel 1 x 4 x 3 - Solid Studs;Etagere Indigo;C;1;1;4;3
;05/01/2022;91;7;0,36;2;1;;;U;P;4215a;;Y;2,33;;EUR;Panel;;Blue;Part;Panel 1 x 4 x 3 - Solid Studs;Etagere Indigo;C;1;1;4;3
;05/01/2022;91;9;0,37;3;1;;;U;P;4215a;;Y;2,33;;EUR;Panel;;Light Gray;Part;Panel 1 x 4 x 3 - Solid Studs;Etagere Indigo;C;1;1;4;3
;05/01/2022;91;11;0,32;4;1;;;U;P;4215a;;Y;2,33;;EUR;Panel;;Black;Part;Panel 1 x 4 x 3 - Solid Studs;Etagere Indigo;C;1;1;4;3
;05/01/2022;91;15;0,42;4;1;;;U;P;4215a;;Y;2,33;;EUR;Panel;;Trans-Light Blue;Part;Panel 1 x 4 x 3 - Solid Studs;Etagere Indigo;C;1;1;4;3
;05/01/2022;91;20;2,11;1;1;;;U;P;4215a;;Y;2,33;;EUR;Panel;;Trans-Green;Part;Panel 1 x 4 x 3 - Solid Studs;Etagere Indigo;C;1;1;4;3
;05/01/2022;461;7;0,19;5;1;;;U;P;4215ap09;;Y;2,3;;EUR;Panel, Decorated;;Blue;Part;Panel 1 x 4 x 3 - Solid Studs with TV Logo Pattern;Etagere Indigo;C;1;1;4;3
;05/01/2022;91;1;0,2;3;1;;;U;P;4215b;;Y;2,44;;EUR;Panel;;White;Part;Panel 1 x 4 x 3 - Hollow Studs;Etagere Indigo;C;1;1;4;3
;05/01/2022;91;5;0,18;7;1;;;U;P;4215b;;Y;2,44;;EUR;Panel;;Red;Part;Panel 1 x 4 x 3 - Hollow Studs;Etagere Indigo;C;1;1;4;3
;05/01/2022;91;7;0,29;2;1;;;U;P;4215b;;Y;2,44;;EUR;Panel;;Blue;Part;Panel 1 x 4 x 3 - Hollow Studs;Etagere Indigo;C;1;1;4;3
;05/01/2022;91;9;0,27;6;1;;;U;P;4215b;;Y;2,44;;EUR;Panel;;Light Gray;Part;Panel 1 x 4 x 3 - Hollow Studs;Etagere Indigo;C;1;1;4;3
;05/01/2022;91;11;0,29;3;1;;;U;P;4215b;;Y;2,44;;EUR;Panel;;Black;Part;Panel 1 x 4 x 3 - Hollow Studs;Etagere Indigo;C;1;1;4;3
;05/01/2022;91;13;0,46;3;1;;;U;P;4215b;;Y;2,44;;EUR;Panel;;Trans-Black;Part;Panel 1 x 4 x 3 - Hollow Studs;Etagere Indigo;C;1;1;4;3
;05/01/2022;91;15;0,23;8;1;;;U;P;4215b;;Y;2,44;;EUR;Panel;;Trans-Light Blue;Part;Panel 1 x 4 x 3 - Hollow Studs;Etagere Indigo;C;1;1;4;3
;05/01/2022;461;13;1,43;1;1;;;U;P;4215bpb36;;Y;3;;EUR;Panel, Decorated;;Trans-Black;Part;Panel 1 x 4 x 3 - Hollow Studs with Train Map and Schedule Pattern (Sticker) - Set 7897/7997;Etagere Indigo;C;1;1;4;3
;05/01/2022;461;5;0,29;2;1;;;U;P;4215bpb57R;;Y;2,44;;EUR;Panel, Decorated;;Red;Part;Panel 1 x 4 x 3 - Hollow Studs with Ferrari Logo, Silver Horse on Red Background Pattern, Model Right (Sticker) - Sets 8153 / 8155;Etagere Indigo;C;1;1;4;3
;05/01/2022;461;1;0,09;3;1;;;U;P;4215bpx18;;Y;2,2;;EUR;Panel, Decorated;;White;Part;Panel 1 x 4 x 3 - Hollow Studs with Telephone and Green / Blue Lines Pattern;Etagere Indigo;C;1;1;4;3
;05/01/2022;461;7;0,22;1;1;;;U;P;4215bpx26;;Y;2,25;;EUR;Panel, Decorated;;Blue;Part;Panel 1 x 4 x 3 - Hollow Studs with Motorcycle and Wrench Pattern;Etagere Indigo;C;1;1;4;3
;05/01/2022;461;11;0,33;1;1;;;U;P;4215pb003;;Y;2,5;;EUR;Panel, Decorated;;Black;Part;Panel 1 x 4 x 3 with Space Mechanical Pattern on Inside (Sticker) - Set 6949;Etagere Indigo;C;1;1;4;3
;05/01/2022;461;15;0,24;6;1;;;U;P;4215pb011;;Y;2,58;;EUR;Panel, Decorated;;Trans-Light Blue;Part;Panel 1 x 4 x 3 with 5 White Stripes Pattern (Sticker) - Sets 6342 / 6345;Etagere Indigo;C;1;1;4;3
;05/01/2022;461;2;0,69;1;1;;;U;P;4215pb013;;Y;2,24;;EUR;Panel, Decorated;;Tan;Part;Panel 1 x 4 x 3 with Egyptian Pattern 1 on Inside - Scarab on Left (Sticker) - Set 5938;Etagere Indigo;C;1;1;4;3
;05/01/2022;461;5;0,33;1;1;;;U;P;4215pb015;;Y;1,5;;EUR;Panel, Decorated;;Red;Part;Panel 1 x 4 x 3 with Box and Arrow Left Pattern (Sticker) - Set 6624;Etagere Indigo;C;1;1;4;3
;05/01/2022;461;5;0,33;2;1;;;U;P;4215pb015;;Y;1,5;;EUR;Panel, Decorated;;Red;Part;Panel 1 x 4 x 3 with Box and Arrow Left Pattern (Sticker) - Set 6624;Etagere Indigo;C;1;1;4;3
;05/01/2022;461;1;0,07;1;1;;;U;P;4215pb021;;Y;2,28;;EUR;Panel, Decorated;;White;Part;Panel 1 x 4 x 3 with Oval and Dolphin Facing Left Pattern (Sticker) - Set 6556;Etagere Indigo;C;1;1;4;3
;05/01/2022;461;7;0,31;3;1;;;U;P;4215pb027;;Y;2,4;;EUR;Panel, Decorated;;Blue;Part;Panel 1 x 4 x 3 with White Highway on Transparent Background Pattern (Sticker) - Set 6653;Etagere Indigo;C;1;1;4;3
;05/01/2022;93;1;0,32;1;1;;;U;P;4868a;;Y;3,32;;EUR;Aircraft;;White;Part;Engine, Smooth Large, 1 x 2 Thin Top Plate;Etagere Indigo;C;1;5;2;2,5
;05/01/2022;93;3;0,19;1;1;;;U;P;4868a;;Y;3,32;;EUR;Aircraft;;Yellow;Part;Engine, Smooth Large, 1 x 2 Thin Top Plate;Etagere Indigo;C;1;5;2;2,5
;05/01/2022;93;7;9,5;1;1;;;U;P;4868a;;Y;3,32;;EUR;Aircraft;;Blue;Part;Engine, Smooth Large, 1 x 2 Thin Top Plate;Etagere Indigo;C;1;5;2;2,5
;05/01/2022;93;11;0,22;4;1;;;U;P;4868a;;Y;3,32;;EUR;Aircraft;;Black;Part;Engine, Smooth Large, 1 x 2 Thin Top Plate;Etagere Indigo;C;1;5;2;2,5
;05/01/2022;93;86;0,1;4;1;;;U;P;4868b;;Y;3,54;;EUR;Aircraft;;Light Bluish Gray;Part;Engine, Smooth Large, 2 x 2 Thin Top Plate;Etagere Indigo;C;1;0;0;0
;05/01/2022;461;1;0,27;1;1;;;U;P;60581pb039;;Y;2,32;;EUR;Panel, Decorated;;White;Part;Panel 1 x 4 x 3 with Side Supports - Hollow Studs with Map with Coordinates, Target and Red Exclamation Mark Pattern on Inside (Sticker) - Set 60044;Etagere Indigo;C;1;1;4;3
;05/01/2022;461;12;0,67;1;1;;;U;P;60581pb049;;Y;2,32;;EUR;Panel, Decorated;;Trans-Clear;Part;Panel 1 x 4 x 3 with Side Supports - Hollow Studs with Train Map and Schedule on Transparent Background Pattern (Sticker) - Set 60051;Etagere Indigo;C;1;1;4;3
;05/01/2022;578;2;0,91;1;1;;;U;P;6069px2;;Y;2,28;;EUR;Wedge, Decorated;;Tan;Part;Wedge 4 x 4 Triple without Stud Notches with Brown Oval Pattern;Etagere Indigo;C;1;4;4;1
;05/01/2022;42;1;0,08;1;1;;;U;P;6153b;;Y;4,45;;EUR;Wedge;;White;Part;Wedge 6 x 4 Cutout with Stud Notches;Etagere Indigo;C;1;6;4;1
;05/01/2022;42;5;0,07;1;1;;;U;P;6153b;;Y;4,45;;EUR;Wedge;;Red;Part;Wedge 6 x 4 Cutout with Stud Notches;Etagere Indigo;C;1;6;4;1
;05/01/2022;42;11;0,07;2;1;;;U;P;6153b;;Y;4,45;;EUR;Wedge;;Black;Part;Wedge 6 x 4 Cutout with Stud Notches;Etagere Indigo;C;1;6;4;1
;05/01/2022;42;63;0,07;1;1;;;U;P;6153b;;Y;4,45;;EUR;Wedge;;Dark Blue;Part;Wedge 6 x 4 Cutout with Stud Notches;Etagere Indigo;C;1;6;4;1
;05/01/2022;741;11;0,03;3;1;;;U;P;6239pb001;;Y;2,18;;EUR;Tail, Decorated;;Black;Part;Tail Shuttle with Red Extreme Team Logo and 2 Yellow Lines on Black Background Pattern on Both Sides (Stickers) - Sets 6580 / 6582;Etagere Indigo;C;1;6;2;3,67
;05/01/2022;741;1;0,06;1;1;;;U;P;6239pb012;;Y;2,1;;EUR;Tail, Decorated;;White;Part;Tail Shuttle with '7238' and Black Lines Pattern on Both Sides (Stickers) - Set 7238;Etagere Indigo;C;1;6;2;3,67
;05/01/2022;741;1;0,09;1;1;;;U;P;6239pb031;;Y;2,3;;EUR;Tail, Decorated;;White;Part;Tail Shuttle with EMT Star of Life (White Snake) Pattern on Both Sides (Stickers) - Set 7903;Etagere Indigo;C;1;6;2;3,67
;05/01/2022;741;85;0,03;1;1;;;U;P;6239pb051;;Y;2,4;;EUR;Tail, Decorated;;Dark Bluish Gray;Part;Tail Shuttle with Rivets, Wooden Rudder and White Winged Skull Pattern on Both Sides (Stickers) - Set 70747;Etagere Indigo;C;1;6;2;3,67
;05/01/2022;741;85;0,41;1;1;;;U;P;6239pb064;;Y;2,4;;EUR;Tail, Decorated;;Dark Bluish Gray;Part;Tail Shuttle with Light Bluish Gray Checkered Pattern on Both Sides (Stickers) - Set 42002;Etagere Indigo;C;1;6;2;3,67
;05/01/2022;22;1;0,12;18;1;;;U;P;2349;;Y;1,42;;EUR;Hinge;;White;Part;Hinge Vehicle Roof 4 x 4 Sunroof;Etagere Indigo;C;2;4;4;0
;05/01/2022;22;3;0,11;7;1;;;U;P;2349;;Y;1,42;;EUR;Hinge;;Yellow;Part;Hinge Vehicle Roof 4 x 4 Sunroof;Etagere Indigo;C;2;4;4;0
;05/01/2022;22;5;0,32;3;1;;;U;P;2349;;Y;1,42;;EUR;Hinge;;Red;Part;Hinge Vehicle Roof 4 x 4 Sunroof;Etagere Indigo;C;2;4;4;0
;05/01/2022;22;7;0,17;3;1;;;U;P;2349;;Y;1,42;;EUR;Hinge;;Blue;Part;Hinge Vehicle Roof 4 x 4 Sunroof;Etagere Indigo;C;2;4;4;0
;05/01/2022;22;11;0,14;1;1;;;U;P;2349;;Y;1,42;;EUR;Hinge;;Black;Part;Hinge Vehicle Roof 4 x 4 Sunroof;Etagere Indigo;C;2;4;4;0
;05/01/2022;4;1;0,33;29;1;;;U;P;3956;;Y;1,13;;EUR;Bracket;;White;Part;Bracket 2 x 2 - 2 x 2 with 2 Holes;Etagere Indigo;C;2;2,4;2;2
;05/01/2022;4;5;0,17;13;1;;;U;P;3956;;Y;1,13;;EUR;Bracket;;Red;Part;Bracket 2 x 2 - 2 x 2 with 2 Holes;Etagere Indigo;C;2;2,4;2;2
;05/01/2022;4;7;0,15;4;1;;;U;P;3956;;Y;1,13;;EUR;Bracket;;Blue;Part;Bracket 2 x 2 - 2 x 2 with 2 Holes;Etagere Indigo;C;2;2,4;2;2
;05/01/2022;4;8;0,1;5;1;;;U;P;3956;;Y;1,13;;EUR;Bracket;;Brown;Part;Bracket 2 x 2 - 2 x 2 with 2 Holes;Etagere Indigo;C;2;2,4;2;2
;05/01/2022;4;9;0,17;8;1;;;U;P;3956;;Y;1,13;;EUR;Bracket;;Light Gray;Part;Bracket 2 x 2 - 2 x 2 with 2 Holes;Etagere Indigo;C;2;2,4;2;2
;05/01/2022;4;11;0,1;32;1;;;U;P;3956;;Y;1,13;;EUR;Bracket;;Black;Part;Bracket 2 x 2 - 2 x 2 with 2 Holes;Etagere Indigo;C;2;2,4;2;2
;05/01/2022;4;86;0,06;3;1;;;U;P;3956;;Y;1,13;;EUR;Bracket;;Light Bluish Gray;Part;Bracket 2 x 2 - 2 x 2 with 2 Holes;Etagere Indigo;C;2;2,4;2;2
;05/01/2022;22;1;0,15;8;1;;;U;P;4214;;Y;1,26;;EUR;Hinge;;White;Part;Hinge Vehicle Roof Holder 1 x 4 x 2;Etagere Indigo;C;2;1;4;2
;05/01/2022;22;3;0,34;5;1;;;U;P;4214;;Y;1,26;;EUR;Hinge;;Yellow;Part;Hinge Vehicle Roof Holder 1 x 4 x 2;Etagere Indigo;C;2;1;4;2
;05/01/2022;22;5;0,13;9;1;;;U;P;4214;;Y;1,26;;EUR;Hinge;;Red;Part;Hinge Vehicle Roof Holder 1 x 4 x 2;Etagere Indigo;C;2;1;4;2
;05/01/2022;22;7;0,21;1;1;;;U;P;4214;;Y;1,26;;EUR;Hinge;;Blue;Part;Hinge Vehicle Roof Holder 1 x 4 x 2;Etagere Indigo;C;2;1;4;2
;05/01/2022;22;11;0,15;6;1;;;U;P;4214;;Y;1,26;;EUR;Hinge;;Black;Part;Hinge Vehicle Roof Holder 1 x 4 x 2;Etagere Indigo;C;2;1;4;2
;05/01/2022;7;1;0,28;9;1;;;U;P;4217;;Y;5,38;;EUR;Brick, Modified;;White;Part;Brick, Modified 1 x 14 with Groove;Etagere Indigo;C;2;1;14;1
;05/01/2022;7;5;0,26;12;1;;;U;P;4217;;Y;5,38;;EUR;Brick, Modified;;Red;Part;Brick, Modified 1 x 14 with Groove;Etagere Indigo;C;2;1;14;1
;05/01/2022;10;1;0,1;2;1;;;U;P;4345;;Y;2,17;;EUR;Container;;White;Part;Container, Box 2 x 2 x 2;Etagere Indigo;C;2;2;2;2
;05/01/2022;10;3;0,21;1;1;;;U;P;4345;;Y;2,17;;EUR;Container;;Yellow;Part;Container, Box 2 x 2 x 2;Etagere Indigo;C;2;2;2;2
;05/01/2022;10;5;0,08;9;1;;;U;P;4345;;Y;2,17;;EUR;Container;;Red;Part;Container, Box 2 x 2 x 2;Etagere Indigo;C;2;2;2;2
;05/01/2022;10;7;0,22;2;1;;;U;P;4345;;Y;2,17;;EUR;Container;;Blue;Part;Container, Box 2 x 2 x 2;Etagere Indigo;C;2;2;2;2
;05/01/2022;10;9;0,22;5;1;;;U;P;4345;;Y;2,17;;EUR;Container;;Light Gray;Part;Container, Box 2 x 2 x 2;Etagere Indigo;C;2;2;2;2
;05/01/2022;10;11;0,11;7;1;;;U;P;4345;;Y;2,17;;EUR;Container;;Black;Part;Container, Box 2 x 2 x 2;Etagere Indigo;C;2;2;2;2
;05/01/2022;10;16;0,25;1;1;;;U;P;4345;;Y;2,17;;EUR;Container;;Trans-Neon Green;Part;Container, Box 2 x 2 x 2;Etagere Indigo;C;2;2;2;2
;05/01/2022;10;86;0,09;6;1;;;U;P;4345;;Y;2,17;;EUR;Container;;Light Bluish Gray;Part;Container, Box 2 x 2 x 2;Etagere Indigo;C;2;2;2;2
;05/01/2022;4;1;0,11;2;1;;;U;P;4598;;Y;1,87;;EUR;Bracket;;White;Part;Bracket 3 x 2 - 2 x 2 Inverted (Space Seat);Etagere Indigo;C;2;3,4;2;2
;05/01/2022;4;2;0,08;2;1;;;U;P;4598;;Y;1,87;;EUR;Bracket;;Tan;Part;Bracket 3 x 2 - 2 x 2 Inverted (Space Seat);Etagere Indigo;C;2;3,4;2;2
;05/01/2022;4;3;3,31;1;1;;;U;P;4598;;Y;1,87;;EUR;Bracket;;Yellow;Part;Bracket 3 x 2 - 2 x 2 Inverted (Space Seat);Etagere Indigo;C;2;3,4;2;2
;05/01/2022;4;5;0,17;1;1;;;U;P;4598;;Y;1,87;;EUR;Bracket;;Red;Part;Bracket 3 x 2 - 2 x 2 Inverted (Space Seat);Etagere Indigo;C;2;3,4;2;2
;05/01/2022;4;7;0,09;2;1;;;U;P;4598;;Y;1,87;;EUR;Bracket;;Blue;Part;Bracket 3 x 2 - 2 x 2 Inverted (Space Seat);Etagere Indigo;C;2;3,4;2;2
;05/01/2022;4;11;0,1;4;1;;;U;P;4598;;Y;1,87;;EUR;Bracket;;Black;Part;Bracket 3 x 2 - 2 x 2 Inverted (Space Seat);Etagere Indigo;C;2;3,4;2;2
;05/01/2022;4;4;0,1;1;1;;;U;P;4732;;Y;3,87;;EUR;Bracket;;Orange;Part;Bracket 8 x 2 x 1 1/3;Etagere Indigo;C;2;8;2;1,33
;05/01/2022;4;5;0,08;3;1;;;U;P;4732;;Y;3,87;;EUR;Bracket;;Red;Part;Bracket 8 x 2 x 1 1/3;Etagere Indigo;C;2;8;2;1,33
;05/01/2022;4;8;0,1;1;1;;;U;P;4732;;Y;3,87;;EUR;Bracket;;Brown;Part;Bracket 8 x 2 x 1 1/3;Etagere Indigo;C;2;8;2;1,33
;05/01/2022;4;11;0,22;7;1;;;U;P;4732;;Y;3,87;;EUR;Bracket;;Black;Part;Bracket 8 x 2 x 1 1/3;Etagere Indigo;C;2;8;2;1,33
;05/01/2022;7;9;0,28;5;1;;;U;P;6056;;Y;3,5;;EUR;Brick, Modified;;Light Gray;Part;Brick, Modified 2 x 2 x 6 with Groove;Etagere Indigo;C;2;2;2;6
;05/01/2022;4;1;0,68;1;1;;;U;P;6087;;Y;3,24;;EUR;Bracket;;White;Part;Bracket 5 x 2 x 2 1/3 with 2 Holes;Etagere Indigo;C;2;5;2;2,33
;05/01/2022;4;11;0,06;8;1;;;U;P;6087;;Y;3,24;;EUR;Bracket;;Black;Part;Bracket 5 x 2 x 2 1/3 with 2 Holes;Etagere Indigo;C;2;5;2;2,33
;05/01/2022;4;86;0,07;6;1;;;U;P;6087;;Y;3,24;;EUR;Bracket;;Light Bluish Gray;Part;Bracket 5 x 2 x 2 1/3 with 2 Holes;Etagere Indigo;C;2;5;2;2,33
;05/01/2022;11;1;0,39;4;1;;;U;P;6259;;Y;3,92;;EUR;Cylinder;;White;Part;Cylinder Half 2 x 4 x 4;Etagere Indigo;C;2;2;4;4
;05/01/2022;11;3;0,28;1;1;;;U;P;6259;;Y;3,92;;EUR;Cylinder;;Yellow;Part;Cylinder Half 2 x 4 x 4;Etagere Indigo;C;2;2;4;4
;05/01/2022;11;9;1,05;1;1;;;U;P;6259;;Y;3,92;;EUR;Cylinder;;Light Gray;Part;Cylinder Half 2 x 4 x 4;Etagere Indigo;C;2;2;4;4
;05/01/2022;137;3;0,21;1;1;;;U;P;6629;;Y;2,6;;EUR;Technic, Liftarm;;Yellow;Part;Technic, Liftarm, Modified Bent Thick 1 x 9 (6 - 4);Etagere Indigo;C;2;0;0;0
;05/01/2022;137;4;0,15;6;1;;;U;P;6629;;Y;2,6;;EUR;Technic, Liftarm;;Orange;Part;Technic, Liftarm, Modified Bent Thick 1 x 9 (6 - 4);Etagere Indigo;C;2;0;0;0
;05/01/2022;137;7;0,08;1;1;;;U;P;6629;;Y;2,6;;EUR;Technic, Liftarm;;Blue;Part;Technic, Liftarm, Modified Bent Thick 1 x 9 (6 - 4);Etagere Indigo;C;2;0;0;0
;05/01/2022;137;9;0,13;1;1;;;U;P;6629;;Y;2,6;;EUR;Technic, Liftarm;;Light Gray;Part;Technic, Liftarm, Modified Bent Thick 1 x 9 (6 - 4);Etagere Indigo;C;2;0;0;0
;05/01/2022;137;11;0,07;1;1;;;U;P;6629;;Y;2,6;;EUR;Technic, Liftarm;;Black;Part;Technic, Liftarm, Modified Bent Thick 1 x 9 (6 - 4);Etagere Indigo;C;2;0;0;0
;05/01/2022;4;11;0,04;2;1;;;U;P;11215;;Y;2,17;;EUR;Bracket;;Black;Part;Bracket 5 x 2 x 1 1/3 with 2 Holes;Etagere Indigo;C;2;5;2;1,33
;05/01/2022;4;86;0,04;1;1;;;U;P;11215;;Y;2,17;;EUR;Bracket;;Light Bluish Gray;Part;Bracket 5 x 2 x 1 1/3 with 2 Holes;Etagere Indigo;C;2;5;2;1,33
;05/01/2022;30;6;0,17;1;1;;;U;P;30078;;Y;6;;EUR;Propeller;;Green;Part;Propeller 6 Blade Fan 8 x 8;Etagere Indigo;C;2;0;0;0
;05/01/2022;137;1;0,55;2;1;;;U;P;32278;;Y;4;;EUR;Technic, Liftarm;;White;Part;Technic, Liftarm Thick 1 x 15;Etagere Indigo;C;2;1;15;0
;05/01/2022;137;4;0,41;2;1;;;U;P;32278;;Y;4;;EUR;Technic, Liftarm;;Orange;Part;Technic, Liftarm Thick 1 x 15;Etagere Indigo;C;2;1;15;0
;05/01/2022;137;6;0,78;1;1;;;U;P;32278;;Y;4;;EUR;Technic, Liftarm;;Green;Part;Technic, Liftarm Thick 1 x 15;Etagere Indigo;C;2;1;15;0
;05/01/2022;137;11;0,43;8;1;;;U;P;32278;;Y;4;;EUR;Technic, Liftarm;;Black;Part;Technic, Liftarm Thick 1 x 15;Etagere Indigo;C;2;1;15;0
;05/01/2022;137;85;0,36;2;1;;;U;P;32278;;Y;4;;EUR;Technic, Liftarm;;Dark Bluish Gray;Part;Technic, Liftarm Thick 1 x 15;Etagere Indigo;C;2;1;15;0
;05/01/2022;137;11;0,23;7;1;;;U;P;32525;;Y;2,8;;EUR;Technic, Liftarm;;Black;Part;Technic, Liftarm Thick 1 x 11;Etagere Indigo;C;2;1;11;0
;05/01/2022;137;7;0,48;7;1;;;U;P;41239;;Y;3,3;;EUR;Technic, Liftarm;;Blue;Part;Technic, Liftarm Thick 1 x 13;Etagere Indigo;C;2;1;13;0
;05/01/2022;137;11;0,28;17;1;;;U;P;41239;;Y;3,3;;EUR;Technic, Liftarm;;Black;Part;Technic, Liftarm Thick 1 x 13;Etagere Indigo;C;2;1;13;0
;05/01/2022;137;85;0,26;2;1;;;U;P;41239;;Y;3,3;;EUR;Technic, Liftarm;;Dark Bluish Gray;Part;Technic, Liftarm Thick 1 x 13;Etagere Indigo;C;2;1;13;0
;05/01/2022;137;86;0,42;8;1;;;U;P;41239;;Y;3,3;;EUR;Technic, Liftarm;;Light Bluish Gray;Part;Technic, Liftarm Thick 1 x 13;Etagere Indigo;C;2;1;13;0
;05/01/2022;137;86;0,9;4;1;;;U;P;64179;;Y;5,3;;EUR;Technic, Liftarm;;Light Bluish Gray;Part;Technic, Liftarm, Modified Frame Thick 5 x 7 Open Center;Etagere Indigo;C;2;5;7;0
;05/01/2022;154;6;1,19;1;1;;;U;P;64782;;Y;8,8;;EUR;Technic, Panel;;Green;Part;Technic, Panel Plate 5 x 11 x 1;Etagere Indigo;C;2;5;11;1
;05/01/2022;154;86;1,05;8;1;;;U;P;64782;;Y;8,8;;EUR;Technic, Panel;;Light Bluish Gray;Part;Technic, Panel Plate 5 x 11 x 1;Etagere Indigo;C;2;5;11;1
;05/01/2022;27;1;0,07;2;1;;;U;P;64799;;Y;2;;EUR;Plate, Modified;;White;Part;Plate, Modified 4 x 4 with 2 x 2 Cutout;Etagere Indigo;C;2;4;4;0
;05/01/2022;27;3;0,09;1;1;;;U;P;64799;;Y;2;;EUR;Plate, Modified;;Yellow;Part;Plate, Modified 4 x 4 with 2 x 2 Cutout;Etagere Indigo;C;2;4;4;0
;05/01/2022;27;11;0,1;2;1;;;U;P;64799;;Y;2;;EUR;Plate, Modified;;Black;Part;Plate, Modified 4 x 4 with 2 x 2 Cutout;Etagere Indigo;C;2;4;4;0
;05/01/2022;27;86;0,09;2;1;;;U;P;64799;;Y;2;;EUR;Plate, Modified;;Light Bluish Gray;Part;Plate, Modified 4 x 4 with 2 x 2 Cutout;Etagere Indigo;C;2;4;4;0
;05/01/2022;8;85;0,11;1;1;;;U;P;87081;;Y;3,04;;EUR;Brick, Round;;Dark Bluish Gray;Part;Brick, Round 4 x 4 with Hole;Etagere Indigo;C;2;4;4;1
;05/01/2022;777;3;0,21;1;1;;;U;P;32009pb001L;;Y;3,5;;EUR;Technic, Liftarm, Decorated;;Yellow;Part;Technic, Liftarm, Modified Bent Thick 1 x 11.5 Double with Octan and Taillight Pattern Model Left (Stickers) - Sets 2129 / 8205;Etagere Indigo;C;2;0;0;0
;05/01/2022;777;3;0,22;1;1;;;U;P;32009pb001R;;Y;3,5;;EUR;Technic, Liftarm, Decorated;;Yellow;Part;Technic, Liftarm, Modified Bent Thick 1 x 11.5 Double with Octan and Taillight Pattern Model Right (Stickers) - Sets 2129 / 8205;Etagere Indigo;C;2;0;0;0
;05/01/2022;777;4;0,51;1;1;;;U;P;32009pb019L;;Y;3,5;;EUR;Technic, Liftarm, Decorated;;Orange;Part;Technic, Liftarm, Modified Bent Thick 1 x 11.5 Double with Red and White Danger Stripes Thin Pattern Model Left Side (Sticker) - Set 42032;Etagere Indigo;C;2;0;0;0
;05/01/2022;777;4;0,65;1;1;;;U;P;32009pb019R;;Y;3,5;;EUR;Technic, Liftarm, Decorated;;Orange;Part;Technic, Liftarm, Modified Bent Thick 1 x 11.5 Double with Red and White Danger Stripes Thin Pattern Model Right Side (Sticker) - Set 42032;Etagere Indigo;C;2;0;0;0
;05/01/2022;777;34;0,3;1;1;;;U;P;32278pb007L;;Y;4,5;;EUR;Technic, Liftarm, Decorated;;Lime;Part;Technic, Liftarm Thick 1 x 15 with Black and White Danger Stripes and Number 4 Pattern Model Left Side (Sticker) - Set 8959;Etagere Indigo;C;2;1;15;0
;05/01/2022;777;34;0,3;1;1;;;U;P;32278pb007R;;Y;4,5;;EUR;Technic, Liftarm, Decorated;;Lime;Part;Technic, Liftarm Thick 1 x 15 with Black and White Danger Stripes and Number 4 Pattern Model Right Side (Sticker) - Set 8959;Etagere Indigo;C;2;1;15;0
;05/01/2022;10;1;0,18;9;1;;;U;P;4532a;;Y;2,25;;EUR;Container;;White;Part;Container, Cupboard 2 x 3 x 2 - Solid Studs;Etagere Indigo;C;2;2;3;2
;05/01/2022;10;3;0,19;6;1;;;U;P;4532a;;Y;2,25;;EUR;Container;;Yellow;Part;Container, Cupboard 2 x 3 x 2 - Solid Studs;Etagere Indigo;C;2;2;3;2
;05/01/2022;10;5;0,1;13;1;;;U;P;4532a;;Y;2,25;;EUR;Container;;Red;Part;Container, Cupboard 2 x 3 x 2 - Solid Studs;Etagere Indigo;C;2;2;3;2
;05/01/2022;10;7;0,29;1;1;;;U;P;4532a;;Y;2,25;;EUR;Container;;Blue;Part;Container, Cupboard 2 x 3 x 2 - Solid Studs;Etagere Indigo;C;2;2;3;2
;05/01/2022;10;11;0,31;1;1;;;U;P;4532a;;Y;2,25;;EUR;Container;;Black;Part;Container, Cupboard 2 x 3 x 2 - Solid Studs;Etagere Indigo;C;2;2;3;2
;05/01/2022;10;86;0,26;4;1;;;U;P;4532a;;Y;2,25;;EUR;Container;;Light Bluish Gray;Part;Container, Cupboard 2 x 3 x 2 - Solid Studs;Etagere Indigo;C;2;2;3;2
;05/01/2022;926;3;0,28;1;1;;;U;P;6259pb002;;Y;4;;EUR;Cylinder, Decorated;;Yellow;Part;Cylinder Half 2 x 4 x 4 with Vent Holes Pattern (Sticker) - Set 8250;Etagere Indigo;C;2;2;4;4
;05/01/2022;926;3;0,14;1;1;;;U;P;6259pb003;;Y;4;;EUR;Cylinder, Decorated;;Yellow;Part;Cylinder Half 2 x 4 x 4 with 'U-97' & Vent Holes Pattern (Sticker) - Set 8250;Etagere Indigo;C;2;2;4;4
;05/01/2022;926;3;0,38;1;1;;;U;P;6259pb017;;Y;4;;EUR;Cylinder, Decorated;;Yellow;Part;Cylinder Half 2 x 4 x 4 with Octan Logo Pattern (Sticker) - Set 3368;Etagere Indigo;C;2;2;4;4
;05/01/2022;740;1;1,04;1;1;;;U;P;64782pb014L;;Y;8,6;;EUR;Technic, Panel, Decorated;;White;Part;Technic, Panel Plate 5 x 11 x 1 with Chevrons on Outside Left and World Racers Team Extreme Logo and 'CROZZ COUNTRY' on Inside Pattern (Sticker) - Set 8864;Etagere Indigo;C;2;5;11;1
;05/01/2022;740;1;1,04;1;1;;;U;P;64782pb014R;;Y;8,6;;EUR;Technic, Panel, Decorated;;White;Part;Technic, Panel Plate 5 x 11 x 1 with Chevrons on Outside Right and World Racers Team Extreme Logo and 'CROZZ COUNTRY' on Inside Pattern (Sticker) - Set 8864;Etagere Indigo;C;2;5;11;1
;05/01/2022;740;1;1,04;1;1;;;U;P;64782pb015R;;Y;8,6;;EUR;Technic, Panel, Decorated;;White;Part;Technic, Panel Plate 5 x 11 x 1 with World Racers Team Extreme Logo on Outside and Black and Red 'FuZone' on Inside Pattern Model Right Side (Stickers) - Set 8864;Etagere Indigo;C;2;5;11;1
;05/01/2022;740;6;1,19;1;1;;;U;P;64782pb016L;;Y;8,6;;EUR;Technic, Panel, Decorated;;Green;Part;Technic, Panel Plate 5 x 11 x 1 with Black and White Chevrons on Outside and Globe and White 'WR' World Racers Logo on Inside Left Pattern (Stickers) - Set 8864;Etagere Indigo;C;2;5;11;1
;05/01/2022;28;1;0,16;2;1;;;U;P;712;;Y;4,25;;EUR;Plate, Round;;White;Part;Plate, Round Curved 4 x 8 Left;Etagere Indigo;C;3;4;8;0
;05/01/2022;28;1;0,33;2;1;;;U;P;713;;Y;4,25;;EUR;Plate, Round;;White;Part;Plate, Round Curved 4 x 8 Right;Etagere Indigo;C;3;4;8;0
;05/01/2022;27;3;0,43;4;1;;;U;P;2401;;Y;8,7;;EUR;Wedge, Plate;;Yellow;Part;Wedge, Plate 10 x 10 with 4 x 4 Cutout and Cut Corner;Etagere Indigo;C;3;10;10;0
;05/01/2022;583;1;0,19;2;1;;;U;P;2413;;Y;4,86;;EUR;Wedge, Plate;;White;Part;Wedge, Plate 4 x 9 without Stud Notches;Etagere Indigo;C;3;4;9;0
;05/01/2022;583;5;0,07;2;1;;;U;P;2413;;Y;4,86;;EUR;Wedge, Plate;;Red;Part;Wedge, Plate 4 x 9 without Stud Notches;Etagere Indigo;C;3;4;9;0
;05/01/2022;583;11;0,09;2;1;;;U;P;2413;;Y;4,86;;EUR;Wedge, Plate;;Black;Part;Wedge, Plate 4 x 9 without Stud Notches;Etagere Indigo;C;3;4;9;0
;05/01/2022;583;1;0,05;38;1;;;U;P;2419;;Y;1,95;;EUR;Wedge, Plate;;White;Part;Wedge, Plate 3 x 6 Cut Corners;Etagere Indigo;C;3;3;6;0
;05/01/2022;583;5;0,05;6;1;;;U;P;2419;;Y;1,95;;EUR;Wedge, Plate;;Red;Part;Wedge, Plate 3 x 6 Cut Corners;Etagere Indigo;C;3;3;6;0
;05/01/2022;583;7;0,04;9;1;;;U;P;2419;;Y;1,95;;EUR;Wedge, Plate;;Blue;Part;Wedge, Plate 3 x 6 Cut Corners;Etagere Indigo;C;3;3;6;0
;05/01/2022;583;8;0,07;1;1;;;U;P;2419;;Y;1,95;;EUR;Wedge, Plate;;Brown;Part;Wedge, Plate 3 x 6 Cut Corners;Etagere Indigo;C;3;3;6;0
;05/01/2022;583;9;0,08;6;1;;;U;P;2419;;Y;1,95;;EUR;Wedge, Plate;;Light Gray;Part;Wedge, Plate 3 x 6 Cut Corners;Etagere Indigo;C;3;3;6;0
;05/01/2022;583;10;0,05;3;1;;;U;P;2419;;Y;1,95;;EUR;Wedge, Plate;;Dark Gray;Part;Wedge, Plate 3 x 6 Cut Corners;Etagere Indigo;C;3;3;6;0
;05/01/2022;583;11;0,05;42;1;;;U;P;2419;;Y;1,95;;EUR;Wedge, Plate;;Black;Part;Wedge, Plate 3 x 6 Cut Corners;Etagere Indigo;C;3;3;6;0
;05/01/2022;583;17;0,57;2;1;;;U;P;2419;;Y;1,95;;EUR;Wedge, Plate;;Trans-Red;Part;Wedge, Plate 3 x 6 Cut Corners;Etagere Indigo;C;3;3;6;0
;05/01/2022;583;48;0,11;2;1;;;U;P;2419;;Y;1,95;;EUR;Wedge, Plate;;Sand Green;Part;Wedge, Plate 3 x 6 Cut Corners;Etagere Indigo;C;3;3;6;0
;05/01/2022;583;85;0,04;9;1;;;U;P;2419;;Y;1,95;;EUR;Wedge, Plate;;Dark Bluish Gray;Part;Wedge, Plate 3 x 6 Cut Corners;Etagere Indigo;C;3;3;6;0
;05/01/2022;583;86;0,06;1;1;;;U;P;2419;;Y;1,95;;EUR;Wedge, Plate;;Light Bluish Gray;Part;Wedge, Plate 3 x 6 Cut Corners;Etagere Indigo;C;3;3;6;0
;05/01/2022;583;5;0,08;1;1;;;U;P;2625;;Y;4,49;;EUR;Wedge, Plate;;Red;Part;Wedge, Plate 7 x 6 without Stud Notches (Boat Bow Plate);Etagere Indigo;C;3;7;6;0
;05/01/2022;583;9;0,13;1;1;;;U;P;2625;;Y;4,49;;EUR;Wedge, Plate;;Light Gray;Part;Wedge, Plate 7 x 6 without Stud Notches (Boat Bow Plate);Etagere Indigo;C;3;7;6;0
;05/01/2022;583;11;0,08;5;1;;;U;P;2625;;Y;4,49;;EUR;Wedge, Plate;;Black;Part;Wedge, Plate 7 x 6 without Stud Notches (Boat Bow Plate);Etagere Indigo;C;3;7;6;0
;05/01/2022;3;11;0,14;1;1;;;U;P;2626;;Y;7,16;;EUR;Boat;;Black;Part;Boat, Bow Brick 6 x 6 x 1;Etagere Indigo;C;3;6;6;1
;05/01/2022;583;1;0,29;1;1;;;U;P;3474;;Y;2,6;;EUR;Wedge, Plate;;White;Part;Wedge, Plate 4 x 8 Tail;Etagere Indigo;C;3;4;8;0
;05/01/2022;583;1;0,62;3;1;;;U;P;3933;;Y;2,93;;EUR;Wedge, Plate;;White;Part;Wedge, Plate 8 x 4 Wing Left;Etagere Indigo;C;3;8;4;0
;05/01/2022;583;7;0,25;1;1;;;U;P;3933;;Y;2,93;;EUR;Wedge, Plate;;Blue;Part;Wedge, Plate 8 x 4 Wing Left;Etagere Indigo;C;3;8;4;0
;05/01/2022;583;1;0,74;1;1;;;U;P;3934;;Y;2,93;;EUR;Wedge, Plate;;White;Part;Wedge, Plate 8 x 4 Wing Right;Etagere Indigo;C;3;8;4;0
;05/01/2022;583;7;0,16;1;1;;;U;P;3934;;Y;2,93;;EUR;Wedge, Plate;;Blue;Part;Wedge, Plate 8 x 4 Wing Right;Etagere Indigo;C;3;8;4;0
;05/01/2022;583;9;0,65;1;1;;;U;P;3934;;Y;2,93;;EUR;Wedge, Plate;;Light Gray;Part;Wedge, Plate 8 x 4 Wing Right;Etagere Indigo;C;3;8;4;0
;05/01/2022;583;1;0,19;6;1;;;U;P;3935;;Y;1,64;;EUR;Wedge, Plate;;White;Part;Wedge, Plate 4 x 4 Wing Right;Etagere Indigo;C;3;4;4;0
;05/01/2022;583;9;0,29;5;1;;;U;P;3935;;Y;1,64;;EUR;Wedge, Plate;;Light Gray;Part;Wedge, Plate 4 x 4 Wing Right;Etagere Indigo;C;3;4;4;0
;05/01/2022;583;11;0,23;4;1;;;U;P;3935;;Y;1,64;;EUR;Wedge, Plate;;Black;Part;Wedge, Plate 4 x 4 Wing Right;Etagere Indigo;C;3;4;4;0
;05/01/2022;583;1;0,19;5;1;;;U;P;3936;;Y;1,64;;EUR;Wedge, Plate;;White;Part;Wedge, Plate 4 x 4 Wing Left;Etagere Indigo;C;3;4;4;0
;05/01/2022;583;9;0,28;4;1;;;U;P;3936;;Y;1,64;;EUR;Wedge, Plate;;Light Gray;Part;Wedge, Plate 4 x 4 Wing Left;Etagere Indigo;C;3;4;4;0
;05/01/2022;583;11;0,21;4;1;;;U;P;3936;;Y;1,64;;EUR;Wedge, Plate;;Black;Part;Wedge, Plate 4 x 4 Wing Left;Etagere Indigo;C;3;4;4;0
;05/01/2022;27;11;1,35;5;1;;;U;P;4151;;Y;6,9;;EUR;Plate, Modified;;Black;Part;Plate, Modified 8 x 8 with Grille;Etagere Indigo;C;3;8;8;0
;05/01/2022;27;85;0,55;5;1;;;U;P;4151;;Y;6,9;;EUR;Plate, Modified;;Dark Bluish Gray;Part;Plate, Modified 8 x 8 with Grille;Etagere Indigo;C;3;8;8;0
;05/01/2022;27;86;0,52;7;1;;;U;P;4151;;Y;6,9;;EUR;Plate, Modified;;Light Bluish Gray;Part;Plate, Modified 8 x 8 with Grille;Etagere Indigo;C;3;8;8;0
;05/01/2022;131;1;0,09;4;1;;;U;P;4211;;Y;2,71;;EUR;Vehicle, Base;;White;Part;Vehicle, Base 4 x 5;Etagere Indigo;C;3;4;5;0,67
;05/01/2022;131;3;0,08;3;1;;;U;P;4211;;Y;2,71;;EUR;Vehicle, Base;;Yellow;Part;Vehicle, Base 4 x 5;Etagere Indigo;C;3;4;5;0,67
;05/01/2022;131;5;0,07;7;1;;;U;P;4211;;Y;2,71;;EUR;Vehicle, Base;;Red;Part;Vehicle, Base 4 x 5;Etagere Indigo;C;3;4;5;0,67
;05/01/2022;131;7;0,16;1;1;;;U;P;4211;;Y;2,71;;EUR;Vehicle, Base;;Blue;Part;Vehicle, Base 4 x 5;Etagere Indigo;C;3;4;5;0,67
;05/01/2022;131;11;0,16;1;1;;;U;P;4211;;Y;2,71;;EUR;Vehicle, Base;;Black;Part;Vehicle, Base 4 x 5;Etagere Indigo;C;3;4;5;0,67
;05/01/2022;583;1;6,84;1;1;;;U;P;4475;;Y;4,27;;EUR;Wedge, Plate;;White;Part;Wedge, Plate 8 x 8 with 4 x 4 Cutout;Etagere Indigo;C;3;8;8;0
;05/01/2022;8;11;0,89;2;1;;;U;P;4588;;Y;0,62;;EUR;Brick, Round;;Black;Part;Brick, Round 1 x 1 with Fins;Etagere Indigo;C;3;0;0;0
;05/01/2022;8;11;0,54;8;1;;;U;P;4591;;Y;2,58;;EUR;Brick, Round;;Black;Part;Brick, Round 2 x 2 x 2 with Fins;Etagere Indigo;C;3;0;0;0
;05/01/2022;21;85;0,14;1;1;;;U;P;4742;;Y;3,77;;EUR;Cone;;Dark Bluish Gray;Part;Cone 4 x 4 x 2 Hollow No Studs;Etagere Indigo;C;3;4;4;2
;05/01/2022;32;1;0,06;9;1;;;U;P;4854;;Y;3,61;;EUR;Slope, Inverted;;White;Part;Slope, Inverted 45 4 x 4 Double;Etagere Indigo;C;3;4;4;0
;05/01/2022;32;5;0,07;1;1;;;U;P;4854;;Y;3,61;;EUR;Slope, Inverted;;Red;Part;Slope, Inverted 45 4 x 4 Double;Etagere Indigo;C;3;4;4;0
;05/01/2022;32;7;0,1;2;1;;;U;P;4854;;Y;3,61;;EUR;Slope, Inverted;;Blue;Part;Slope, Inverted 45 4 x 4 Double;Etagere Indigo;C;3;4;4;0
;05/01/2022;32;9;0,11;2;1;;;U;P;4854;;Y;3,61;;EUR;Slope, Inverted;;Light Gray;Part;Slope, Inverted 45 4 x 4 Double;Etagere Indigo;C;3;4;4;0
;05/01/2022;32;10;0,07;2;1;;;U;P;4854;;Y;3,61;;EUR;Slope, Inverted;;Dark Gray;Part;Slope, Inverted 45 4 x 4 Double;Etagere Indigo;C;3;4;4;0
;05/01/2022;32;11;0,06;3;1;;;U;P;4854;;Y;3,61;;EUR;Slope, Inverted;;Black;Part;Slope, Inverted 45 4 x 4 Double;Etagere Indigo;C;3;4;4;0
;05/01/2022;32;63;0,11;2;1;;;U;P;4854;;Y;3,61;;EUR;Slope, Inverted;;Dark Blue;Part;Slope, Inverted 45 4 x 4 Double;Etagere Indigo;C;3;4;4;0
;05/01/2022;32;85;0,06;1;1;;;U;P;4854;;Y;3,61;;EUR;Slope, Inverted;;Dark Bluish Gray;Part;Slope, Inverted 45 4 x 4 Double;Etagere Indigo;C;3;4;4;0
;05/01/2022;42;1;0,05;3;1;;;U;P;4855;;Y;2,41;;EUR;Wedge;;White;Part;Wedge 4 x 4 Triple Inverted with Connections between 2 Studs;Etagere Indigo;C;3;4;4;1
;05/01/2022;42;3;0,05;1;1;;;U;P;4855;;Y;2,41;;EUR;Wedge;;Yellow;Part;Wedge 4 x 4 Triple Inverted with Connections between 2 Studs;Etagere Indigo;C;3;4;4;1
;05/01/2022;42;5;0,05;2;1;;;U;P;4855;;Y;2,41;;EUR;Wedge;;Red;Part;Wedge 4 x 4 Triple Inverted with Connections between 2 Studs;Etagere Indigo;C;3;4;4;1
;05/01/2022;42;7;0,06;3;1;;;U;P;4855;;Y;2,41;;EUR;Wedge;;Blue;Part;Wedge 4 x 4 Triple Inverted with Connections between 2 Studs;Etagere Indigo;C;3;4;4;1
;05/01/2022;42;9;0,07;2;1;;;U;P;4855;;Y;2,41;;EUR;Wedge;;Light Gray;Part;Wedge 4 x 4 Triple Inverted with Connections between 2 Studs;Etagere Indigo;C;3;4;4;1
;05/01/2022;42;11;0,05;1;1;;;U;P;4855;;Y;2,41;;EUR;Wedge;;Black;Part;Wedge 4 x 4 Triple Inverted with Connections between 2 Studs;Etagere Indigo;C;3;4;4;1
;05/01/2022;32;1;0,04;15;1;;;U;P;4871;;Y;1,82;;EUR;Slope, Inverted;;White;Part;Slope, Inverted 45 4 x 2 Double with 2 x 2 Cutout;Etagere Indigo;C;3;4;2;1
;05/01/2022;32;3;0,04;4;1;;;U;P;4871;;Y;1,82;;EUR;Slope, Inverted;;Yellow;Part;Slope, Inverted 45 4 x 2 Double with 2 x 2 Cutout;Etagere Indigo;C;3;4;2;1
;05/01/2022;32;5;0,04;2;1;;;U;P;4871;;Y;1,82;;EUR;Slope, Inverted;;Red;Part;Slope, Inverted 45 4 x 2 Double with 2 x 2 Cutout;Etagere Indigo;C;3;4;2;1
;05/01/2022;32;7;0,05;6;1;;;U;P;4871;;Y;1,82;;EUR;Slope, Inverted;;Blue;Part;Slope, Inverted 45 4 x 2 Double with 2 x 2 Cutout;Etagere Indigo;C;3;4;2;1
;05/01/2022;32;9;0,06;1;1;;;U;P;4871;;Y;1,82;;EUR;Slope, Inverted;;Light Gray;Part;Slope, Inverted 45 4 x 2 Double with 2 x 2 Cutout;Etagere Indigo;C;3;4;2;1
;05/01/2022;32;11;0,04;4;1;;;U;P;4871;;Y;1,82;;EUR;Slope, Inverted;;Black;Part;Slope, Inverted 45 4 x 2 Double with 2 x 2 Cutout;Etagere Indigo;C;3;4;2;1
;05/01/2022;32;85;0,03;1;1;;;U;P;4871;;Y;1,82;;EUR;Slope, Inverted;;Dark Bluish Gray;Part;Slope, Inverted 45 4 x 2 Double with 2 x 2 Cutout;Etagere Indigo;C;3;4;2;1
;05/01/2022;32;86;0,05;5;1;;;U;P;4871;;Y;1,82;;EUR;Slope, Inverted;;Light Bluish Gray;Part;Slope, Inverted 45 4 x 2 Double with 2 x 2 Cutout;Etagere Indigo;C;3;4;2;1
;05/01/2022;28;1;0,18;3;1;;;U;P;6003;;Y;4,25;;EUR;Plate, Round;;White;Part;Plate, Round Corner 6 x 6;Etagere Indigo;C;3;6;6;0
;05/01/2022;28;9;0,21;7;1;;;U;P;6003;;Y;4,25;;EUR;Plate, Round;;Light Gray;Part;Plate, Round Corner 6 x 6;Etagere Indigo;C;3;6;6;0
;05/01/2022;28;34;0,08;1;1;;;U;P;6003;;Y;4,25;;EUR;Plate, Round;;Lime;Part;Plate, Round Corner 6 x 6;Etagere Indigo;C;3;6;6;0
;05/01/2022;28;85;0,09;2;1;;;U;P;6003;;Y;4,25;;EUR;Plate, Round;;Dark Bluish Gray;Part;Plate, Round Corner 6 x 6;Etagere Indigo;C;3;6;6;0
;05/01/2022;28;86;1,71;1;1;;;U;P;6003;;Y;4,25;;EUR;Plate, Round;;Light Bluish Gray;Part;Plate, Round Corner 6 x 6;Etagere Indigo;C;3;6;6;0
;05/01/2022;7;2;0,91;1;1;;;U;P;6037;;Y;3,45;;EUR;Brick, Modified;;Tan;Part;Brick, Modified Octagonal 2 x 2 x 3 1/3;Etagere Indigo;C;3;2;2;3,33
;05/01/2022;7;7;0,3;1;1;;;U;P;6037;;Y;3,45;;EUR;Brick, Modified;;Blue;Part;Brick, Modified Octagonal 2 x 2 x 3 1/3;Etagere Indigo;C;3;2;2;3,33
;05/01/2022;7;9;0,62;8;1;;;U;P;6037;;Y;3,45;;EUR;Brick, Modified;;Light Gray;Part;Brick, Modified Octagonal 2 x 2 x 3 1/3;Etagere Indigo;C;3;2;2;3,33
;05/01/2022;21;3;0,09;7;1;;;U;P;6039;;Y;1,23;;EUR;Cone;;Yellow;Part;Cone 2 x 2 x 1 2/3 Octagonal;Etagere Indigo;C;3;2;2;1,67
;05/01/2022;21;11;0,18;6;1;;;U;P;6039;;Y;1,23;;EUR;Cone;;Black;Part;Cone 2 x 2 x 1 2/3 Octagonal;Etagere Indigo;C;3;2;2;1,67
;05/01/2022;7;3;0,11;2;1;;;U;P;6042;;Y;4,24;;EUR;Brick, Modified;;Yellow;Part;Brick, Modified Octagonal 2 x 2 x 3 1/3 with Side Studs;Etagere Indigo;C;3;2;2;3,33
;05/01/2022;7;3;0,09;1;1;;;U;P;6043;;Y;3,34;;EUR;Brick, Modified;;Yellow;Part;Brick, Modified Octagonal 2 x 2 x 3 1/3 Corner;Etagere Indigo;C;3;2;2;3,33
;05/01/2022;7;7;0,28;1;1;;;U;P;6043;;Y;3,34;;EUR;Brick, Modified;;Blue;Part;Brick, Modified Octagonal 2 x 2 x 3 1/3 Corner;Etagere Indigo;C;3;2;2;3,33
;05/01/2022;583;7;0,18;1;1;;;U;P;6104;;Y;4,45;;EUR;Wedge, Plate;;Blue;Part;Wedge, Plate 8 x 8 with 3 x 4 Cutout;Etagere Indigo;C;3;8;8;0
;05/01/2022;583;9;0,37;2;1;;;U;P;6104;;Y;4,45;;EUR;Wedge, Plate;;Light Gray;Part;Wedge, Plate 8 x 8 with 3 x 4 Cutout;Etagere Indigo;C;3;8;8;0
;05/01/2022;583;9;0,12;6;1;;;U;P;6106;;Y;3,57;;EUR;Wedge, Plate;;Light Gray;Part;Wedge, Plate 6 x 6 Cut Corner;Etagere Indigo;C;3;6;6;0
;05/01/2022;583;11;0,07;15;1;;;U;P;6106;;Y;3,57;;EUR;Wedge, Plate;;Black;Part;Wedge, Plate 6 x 6 Cut Corner;Etagere Indigo;C;3;6;6;0
;05/01/2022;583;86;0,14;4;1;;;U;P;6106;;Y;3,57;;EUR;Wedge, Plate;;Light Bluish Gray;Part;Wedge, Plate 6 x 6 Cut Corner;Etagere Indigo;C;3;6;6;0
;05/01/2022;21;1;0,3;1;1;;;U;P;6233;;Y;3;;EUR;Cone;;White;Part;Cone 3 x 3 x 2;Etagere Indigo;C;3;3;3;2
;05/01/2022;21;11;0,08;1;1;;;U;P;6233;;Y;3;;EUR;Cone;;Black;Part;Cone 3 x 3 x 2;Etagere Indigo;C;3;3;3;2
;05/01/2022;32;11;0,08;1;1;;;U;P;22889;;Y;2,23;;EUR;Slope, Inverted;;Black;Part;Slope, Inverted 45 6 x 2 Double with 2 x 4 Cutout;Etagere Indigo;C;3;6;2;1
;05/01/2022;32;1;0,17;1;1;;;U;P;30183;;Y;6,12;;EUR;Slope, Inverted;;White;Part;Slope, Inverted 45 6 x 4 Double with Recessed Center;Etagere Indigo;C;3;4;6;1
;05/01/2022;32;3;0,1;1;1;;;U;P;30283;;Y;4,21;;EUR;Slope, Inverted;;Yellow;Part;Slope, Inverted 45 6 x 4 Double with 4 x 4 Cutout;Etagere Indigo;C;3;6;4;1
;05/01/2022;32;11;0,08;1;1;;;U;P;30283;;Y;4,21;;EUR;Slope, Inverted;;Black;Part;Slope, Inverted 45 6 x 4 Double with 4 x 4 Cutout;Etagere Indigo;C;3;6;4;1
;05/01/2022;32;85;0,12;3;1;;;U;P;30283;;Y;4,21;;EUR;Slope, Inverted;;Dark Bluish Gray;Part;Slope, Inverted 45 6 x 4 Double with 4 x 4 Cutout;Etagere Indigo;C;3;6;4;1
;05/01/2022;583;9;0,35;1;1;;;U;P;30355;;Y;7,99;;EUR;Wedge, Plate;;Light Gray;Part;Wedge, Plate 12 x 6 Left;Etagere Indigo;C;3;12;6;0
;05/01/2022;583;11;0,19;1;1;;;U;P;30355;;Y;7,99;;EUR;Wedge, Plate;;Black;Part;Wedge, Plate 12 x 6 Left;Etagere Indigo;C;3;12;6;0
;05/01/2022;583;85;0,27;1;1;;;U;P;30355;;Y;7,99;;EUR;Wedge, Plate;;Dark Bluish Gray;Part;Wedge, Plate 12 x 6 Left;Etagere Indigo;C;3;12;6;0
;05/01/2022;583;9;0,37;1;1;;;U;P;30356;;Y;7,99;;EUR;Wedge, Plate;;Light Gray;Part;Wedge, Plate 12 x 6 Right;Etagere Indigo;C;3;12;6;0
;05/01/2022;583;11;0,21;1;1;;;U;P;30356;;Y;7,99;;EUR;Wedge, Plate;;Black;Part;Wedge, Plate 12 x 6 Right;Etagere Indigo;C;3;12;6;0
;05/01/2022;583;85;0,26;1;1;;;U;P;30356;;Y;7,99;;EUR;Wedge, Plate;;Dark Bluish Gray;Part;Wedge, Plate 12 x 6 Right;Etagere Indigo;C;3;12;6;0
;05/01/2022;28;5;0,07;2;1;;;U;P;30357;;Y;1,18;;EUR;Plate, Round;;Red;Part;Plate, Round Corner 3 x 3;Etagere Indigo;C;3;3;3;0
;05/01/2022;28;6;0,11;1;1;;;U;P;30357;;Y;1,18;;EUR;Plate, Round;;Green;Part;Plate, Round Corner 3 x 3;Etagere Indigo;C;3;3;3;0
;05/01/2022;28;8;0,2;3;1;;;U;P;30357;;Y;1,18;;EUR;Plate, Round;;Brown;Part;Plate, Round Corner 3 x 3;Etagere Indigo;C;3;3;3;0
;05/01/2022;28;11;0,09;2;1;;;U;P;30357;;Y;1,18;;EUR;Plate, Round;;Black;Part;Plate, Round Corner 3 x 3;Etagere Indigo;C;3;3;3;0
;05/01/2022;28;80;0,1;11;1;;;U;P;30357;;Y;1,18;;EUR;Plate, Round;;Dark Green;Part;Plate, Round Corner 3 x 3;Etagere Indigo;C;3;3;3;0
;05/01/2022;583;1;0,06;2;1;;;U;P;30503;;Y;1,6;;EUR;Wedge, Plate;;White;Part;Wedge, Plate 4 x 4 Cut Corner;Etagere Indigo;C;3;4;4;0
;05/01/2022;583;5;0,05;1;1;;;U;P;30503;;Y;1,6;;EUR;Wedge, Plate;;Red;Part;Wedge, Plate 4 x 4 Cut Corner;Etagere Indigo;C;3;4;4;0
;05/01/2022;583;11;0,05;2;1;;;U;P;30503;;Y;1,6;;EUR;Wedge, Plate;;Black;Part;Wedge, Plate 4 x 4 Cut Corner;Etagere Indigo;C;3;4;4;0
;05/01/2022;583;85;0,05;9;1;;;U;P;30503;;Y;1,6;;EUR;Wedge, Plate;;Dark Bluish Gray;Part;Wedge, Plate 4 x 4 Cut Corner;Etagere Indigo;C;3;4;4;0
;05/01/2022;28;7;0,42;1;1;;;U;P;30565;;Y;1,75;;EUR;Plate, Round;;Blue;Part;Plate, Round Corner 4 x 4;Etagere Indigo;C;3;4;4;0
;05/01/2022;28;63;0,07;5;1;;;U;P;30565;;Y;1,75;;EUR;Plate, Round;;Dark Blue;Part;Plate, Round Corner 4 x 4;Etagere Indigo;C;3;4;4;0
;05/01/2022;28;69;0,08;1;1;;;U;P;30565;;Y;1,75;;EUR;Plate, Round;;Dark Tan;Part;Plate, Round Corner 4 x 4;Etagere Indigo;C;3;4;4;0
;05/01/2022;28;85;0,08;4;1;;;U;P;30565;;Y;1,75;;EUR;Plate, Round;;Dark Bluish Gray;Part;Plate, Round Corner 4 x 4;Etagere Indigo;C;3;4;4;0
;05/01/2022;583;1;0,07;2;1;;;U;P;32059;;Y;3;;EUR;Wedge, Plate;;White;Part;Wedge, Plate 4 x 6 Cut Corners;Etagere Indigo;C;3;4;6;0
;05/01/2022;583;3;0,14;1;1;;;U;P;32059;;Y;3;;EUR;Wedge, Plate;;Yellow;Part;Wedge, Plate 4 x 6 Cut Corners;Etagere Indigo;C;3;4;6;0
;05/01/2022;583;11;0,05;5;1;;;U;P;32059;;Y;3;;EUR;Wedge, Plate;;Black;Part;Wedge, Plate 4 x 6 Cut Corners;Etagere Indigo;C;3;4;6;0
;05/01/2022;583;69;0,11;3;1;;;U;P;32059;;Y;3;;EUR;Wedge, Plate;;Dark Tan;Part;Wedge, Plate 4 x 6 Cut Corners;Etagere Indigo;C;3;4;6;0
;05/01/2022;583;85;0,07;2;1;;;U;P;32059;;Y;3;;EUR;Wedge, Plate;;Dark Bluish Gray;Part;Wedge, Plate 4 x 6 Cut Corners;Etagere Indigo;C;3;4;6;0
;05/01/2022;137;7;0,48;2;1;;;U;P;32525;;Y;2,8;;EUR;Technic, Liftarm;;Blue;Part;Technic, Liftarm Thick 1 x 11;Etagere Indigo;C;3;1;11;0
;05/01/2022;42;1;0,05;4;1;;;U;P;43713;;Y;4;;EUR;Wedge;;White;Part;Wedge 6 x 4 Triple Inverted Curved;Etagere Indigo;C;3;6;4;1
;05/01/2022;42;11;0,05;9;1;;;U;P;43713;;Y;4;;EUR;Wedge;;Black;Part;Wedge 6 x 4 Triple Inverted Curved;Etagere Indigo;C;3;6;4;1
;05/01/2022;583;1;0,17;1;1;;;U;P;47397;;Y;3,25;;EUR;Wedge, Plate;;White;Part;Wedge, Plate 12 x 3 Left;Etagere Indigo;C;3;12;3;0
;05/01/2022;583;86;0,59;1;1;;;U;P;47397;;Y;3,25;;EUR;Wedge, Plate;;Light Bluish Gray;Part;Wedge, Plate 12 x 3 Left;Etagere Indigo;C;3;12;3;0
;05/01/2022;583;86;0,61;1;1;;;U;P;47398;;Y;3,25;;EUR;Wedge, Plate;;Light Bluish Gray;Part;Wedge, Plate 12 x 3 Right;Etagere Indigo;C;3;12;3;0
;05/01/2022;583;5;0,07;1;1;;;U;P;47407;;Y;1,88;;EUR;Wedge, Plate;;Red;Part;Wedge, Plate 4 x 6;Etagere Indigo;C;3;4;6;0
;05/01/2022;583;85;0,14;3;1;;;U;P;50303;;Y;4,17;;EUR;Wedge, Plate;;Dark Bluish Gray;Part;Wedge, Plate 7 x 6 with Stud Notches (Boat Bow Plate);Etagere Indigo;C;3;7;6;0
;05/01/2022;583;1;0,07;2;1;;;U;P;50304;;Y;2,5;;EUR;Wedge, Plate;;White;Part;Wedge, Plate 8 x 3 Right;Etagere Indigo;C;3;8;3;0
;05/01/2022;583;5;0,1;1;1;;;U;P;50304;;Y;2,5;;EUR;Wedge, Plate;;Red;Part;Wedge, Plate 8 x 3 Right;Etagere Indigo;C;3;8;3;0
;05/01/2022;583;9;0,1;1;1;;;U;P;50304;;Y;2,5;;EUR;Wedge, Plate;;Light Gray;Part;Wedge, Plate 8 x 3 Right;Etagere Indigo;C;3;8;3;0
;05/01/2022;583;1;0,07;4;1;;;U;P;50305;;Y;2,5;;EUR;Wedge, Plate;;White;Part;Wedge, Plate 8 x 3 Left;Etagere Indigo;C;3;8;3;0
;05/01/2022;583;5;0,13;1;1;;;U;P;50305;;Y;2,5;;EUR;Wedge, Plate;;Red;Part;Wedge, Plate 8 x 3 Left;Etagere Indigo;C;3;8;3;0
;05/01/2022;583;9;0,09;2;1;;;U;P;50305;;Y;2,5;;EUR;Wedge, Plate;;Light Gray;Part;Wedge, Plate 8 x 3 Left;Etagere Indigo;C;3;8;3;0
;05/01/2022;583;86;0,07;1;1;;;U;P;50305;;Y;2,5;;EUR;Wedge, Plate;;Light Bluish Gray;Part;Wedge, Plate 8 x 3 Left;Etagere Indigo;C;3;8;3;0
;05/01/2022;131;85;0,13;10;1;;;U;P;52037;;Y;12,6;;EUR;Vehicle, Base;;Dark Bluish Gray;Part;Vehicle, Base 6 x 16 x 2/3 with 4 x 4 Recessed Center and 4 Holes;Etagere Indigo;C;3;6;16;0,67
;05/01/2022;32;1;0,04;15;1;;;U;P;52501;;Y;1,25;;EUR;Slope, Inverted;;White;Part;Slope, Inverted 45 6 x 1 Double with 1 x 4 Cutout;Etagere Indigo;C;3;1;6;1
;05/01/2022;32;4;0,07;1;1;;;U;P;52501;;Y;1,25;;EUR;Slope, Inverted;;Orange;Part;Slope, Inverted 45 6 x 1 Double with 1 x 4 Cutout;Etagere Indigo;C;3;1;6;1
;05/01/2022;32;5;0,07;16;1;;;U;P;52501;;Y;1,25;;EUR;Slope, Inverted;;Red;Part;Slope, Inverted 45 6 x 1 Double with 1 x 4 Cutout;Etagere Indigo;C;3;1;6;1
;05/01/2022;32;7;0,05;1;1;;;U;P;52501;;Y;1,25;;EUR;Slope, Inverted;;Blue;Part;Slope, Inverted 45 6 x 1 Double with 1 x 4 Cutout;Etagere Indigo;C;3;1;6;1
;05/01/2022;32;85;0,04;6;1;;;U;P;52501;;Y;1,25;;EUR;Slope, Inverted;;Dark Bluish Gray;Part;Slope, Inverted 45 6 x 1 Double with 1 x 4 Cutout;Etagere Indigo;C;3;1;6;1
;05/01/2022;583;1;0,08;3;1;;;U;P;54383;;Y;1,5;;EUR;Wedge, Plate;;White;Part;Wedge, Plate 6 x 3 Right;Etagere Indigo;C;3;3;6;0
;05/01/2022;583;11;0,07;1;1;;;U;P;54383;;Y;1,5;;EUR;Wedge, Plate;;Black;Part;Wedge, Plate 6 x 3 Right;Etagere Indigo;C;3;3;6;0
;05/01/2022;583;85;0,07;1;1;;;U;P;54383;;Y;1,5;;EUR;Wedge, Plate;;Dark Bluish Gray;Part;Wedge, Plate 6 x 3 Right;Etagere Indigo;C;3;3;6;0
;05/01/2022;583;86;0,07;3;1;;;U;P;54383;;Y;1,5;;EUR;Wedge, Plate;;Light Bluish Gray;Part;Wedge, Plate 6 x 3 Right;Etagere Indigo;C;3;3;6;0
;05/01/2022;583;1;0,08;7;1;;;U;P;54384;;Y;1,5;;EUR;Wedge, Plate;;White;Part;Wedge, Plate 6 x 3 Left;Etagere Indigo;C;3;3;6;0
;05/01/2022;583;11;0,07;2;1;;;U;P;54384;;Y;1,5;;EUR;Wedge, Plate;;Black;Part;Wedge, Plate 6 x 3 Left;Etagere Indigo;C;3;3;6;0
;05/01/2022;583;85;0,07;1;1;;;U;P;54384;;Y;1,5;;EUR;Wedge, Plate;;Dark Bluish Gray;Part;Wedge, Plate 6 x 3 Left;Etagere Indigo;C;3;3;6;0
;05/01/2022;583;86;0,15;6;1;;;U;P;54384;;Y;1,5;;EUR;Wedge, Plate;;Light Bluish Gray;Part;Wedge, Plate 6 x 3 Left;Etagere Indigo;C;3;3;6;0
;05/01/2022;32;3;0,06;1;1;;;U;P;60219;;Y;4,2;;EUR;Slope, Inverted;;Yellow;Part;Slope, Inverted 45 6 x 4 Double with 4 x 4 Cutout and 3 Holes;Etagere Indigo;C;3;6;4;1
;05/01/2022;32;11;0,06;3;1;;;U;P;60219;;Y;4,2;;EUR;Slope, Inverted;;Black;Part;Slope, Inverted 45 6 x 4 Double with 4 x 4 Cutout and 3 Holes;Etagere Indigo;C;3;6;4;1
;05/01/2022;32;1;0,04;1;1;;;U;P;72454;;Y;3,38;;EUR;Slope, Inverted;;White;Part;Slope, Inverted 45 4 x 4 Double with 2 Holes;Etagere Indigo;C;3;4;4;1
;05/01/2022;21;1;0,06;2;1;;;U;P;3942c;;Y;1,32;;EUR;Cone;;White;Part;Cone 2 x 2 x 2 - Open Stud;Etagere Indigo;C;3;2;2;2
;05/01/2022;21;3;0,05;10;1;;;U;P;3942c;;Y;1,32;;EUR;Cone;;Yellow;Part;Cone 2 x 2 x 2 - Open Stud;Etagere Indigo;C;3;2;2;2
;05/01/2022;21;9;0,11;5;1;;;U;P;3942c;;Y;1,32;;EUR;Cone;;Light Gray;Part;Cone 2 x 2 x 2 - Open Stud;Etagere Indigo;C;3;2;2;2
;05/01/2022;21;11;0,06;3;1;;;U;P;3942c;;Y;1,32;;EUR;Cone;;Black;Part;Cone 2 x 2 x 2 - Open Stud;Etagere Indigo;C;3;2;2;2
;05/01/2022;21;85;0,06;2;1;;;U;P;3942c;;Y;1,32;;EUR;Cone;;Dark Bluish Gray;Part;Cone 2 x 2 x 2 - Open Stud;Etagere Indigo;C;3;2;2;2
;05/01/2022;21;11;0,12;2;1;;;U;P;3943b;;Y;3,46;;EUR;Cone;;Black;Part;Cone 4 x 4 x 2 with Axle Hole;Etagere Indigo;C;3;4;4;2
;05/01/2022;21;85;0,1;1;1;;;U;P;3943b;;Y;3,46;;EUR;Cone;;Dark Bluish Gray;Part;Cone 4 x 4 x 2 with Axle Hole;Etagere Indigo;C;3;4;4;2
;05/01/2022;42;1;0,07;3;1;;;U;P;4856a;;Y;4,5;;EUR;Wedge;;White;Part;Wedge 6 x 4 Triple Inverted with Connections between 2 Studs;Etagere Indigo;C;3;6;4;1
;05/01/2022;42;3;0,07;1;1;;;U;P;4856a;;Y;4,5;;EUR;Wedge;;Yellow;Part;Wedge 6 x 4 Triple Inverted with Connections between 2 Studs;Etagere Indigo;C;3;6;4;1
;05/01/2022;42;5;0,08;1;1;;;U;P;4856a;;Y;4,5;;EUR;Wedge;;Red;Part;Wedge 6 x 4 Triple Inverted with Connections between 2 Studs;Etagere Indigo;C;3;6;4;1
;05/01/2022;42;11;0,08;1;1;;;U;P;4856a;;Y;4,5;;EUR;Wedge;;Black;Part;Wedge 6 x 4 Triple Inverted with Connections between 2 Studs;Etagere Indigo;C;3;6;4;1
;05/01/2022;42;85;0,08;2;1;;;U;P;4856a;;Y;4,5;;EUR;Wedge;;Dark Bluish Gray;Part;Wedge 6 x 4 Triple Inverted with Connections between 2 Studs;Etagere Indigo;C;3;6;4;1
;05/01/2022;42;1;0,08;1;1;;;U;P;4856b;;Y;4,4;;EUR;Wedge;;White;Part;Wedge 6 x 4 Triple Inverted with Connections between 4 Studs;Etagere Indigo;C;3;6;4;1
;05/01/2022;137;85;0,16;5;1;;;U;P;32525;;Y;2,8;;EUR;Technic, Liftarm;;Dark Bluish Gray;Part;Technic, Liftarm Thick 1 x 11;Etagere Indigo;C;4;1;11;0
;05/01/2022;137;86;0,3;6;1;;;U;P;32525;;Y;2,8;;EUR;Technic, Liftarm;;Light Bluish Gray;Part;Technic, Liftarm Thick 1 x 11;Etagere Indigo;C;5;1;11;0
;05/01/2022;137;4;2,06;2;1;;;U;P;32525;;Y;2,8;;EUR;Technic, Liftarm;;Orange;Part;Technic, Liftarm Thick 1 x 11;Etagere Indigo;C;6;1;11;0
